id,tags
tt0033045,romantic
tt0086250,"murder, comedy"
tt1315981,"romantic, comedy"
tt1937113,murder
tt1619029,"romantic, comedy, flashback"
tt0102007,
tt0398712,murder
tt2005374,murder
tt1454029,romantic
tt1411238,"romantic, comedy"
tt0053559,murder
tt0370032,
tt0350774,murder
tt0120102,romantic
tt4731136,flashback
tt0093603,"murder, romantic"
tt0373283,flashback
tt0070222,murder
tt0233298,"murder, flashback"
tt0078748,
tt0857295,murder
tt0298814,
tt0112864,comedy
tt0902272,
tt1194173,murder
tt0080117,
tt0488085,"murder, comedy, flashback"
tt2402105,"comedy, flashback"
tt0880648,"murder, comedy"
tt1196946,"murder, comedy"
tt0072890,"murder, comedy"
tt0419449,romantic
tt1409004,romantic
tt0034398,murder
tt0310793,murder
tt2015381,comedy
tt1843866,"murder, comedy, flashback"
tt1270479,comedy
tt0110632,"murder, flashback"
tt1551632,
tt0783598,murder
tt0414982,"murder, comedy"
tt3397884,"murder, comedy"
tt0901494,"murder, flashback"
tt0036696,
tt0107289,romantic
tt1029231,murder
tt0117008,fantasy
tt3032476,"murder, comedy"
tt0372183,"murder, comedy"
tt0272207,"murder, comedy"
tt0164334,murder
tt0054850,fantasy
tt2739708,murder
tt0058372,murder
tt1418377,"murder, flashback"
tt0066206,
tt0120207,
tt0080684,"fantasy, flashback"
tt0120777,romantic
tt0109830,romantic
tt0057581,romantic
tt0110877,romantic
tt0042192,romantic
tt3076658,romantic
tt4258698,"romantic, comedy"
tt5814914,romantic
tt1156395,romantic
tt0058777,
tt0066516,fantasy
tt0133985,murder
tt0131624,
tt0088247,"murder, comedy, flashback"
tt0094625,"murder, flashback"
tt0055499,romantic
tt0995039,romantic
tt1536044,murder
tt0146316,
tt0097332,murder
tt1381404,murder
tt0120913,
tt0061802,
tt0090866,murder
tt0349825,
tt0069897,"murder, comedy"
tt0119099,murder
tt0253754,
tt0127357,
tt1284575,romantic
tt0217756,comedy
tt0318374,"romantic, comedy"
tt1517260,comedy
tt1305797,
tt2870756,romantic
tt0339294,murder
tt0252076,romantic
tt1078588,"romantic, flashback"
tt0404496,
tt0070735,"murder, comedy"
tt1139328,
tt0306047,
tt0079261,
tt0081562,"murder, comedy"
tt1316536,"murder, flashback"
tt1389137,romantic
tt0062794,romantic
tt1334512,romantic
tt0427229,
tt0072431,
tt0120894,murder
tt0080120,"murder, comedy"
tt4016934,"romantic, flashback"
tt1489889,"murder, comedy"
tt0460791,flashback
tt0058946,murder
tt1981115,
tt0062909,
tt0167261,"fantasy, flashback"
tt0118159,
tt0365376,fantasy
tt0357139,
tt0120188,flashback
tt0298130,
tt0079020,
tt2882328,"murder, romantic"
tt0094332,romantic
tt1334553,"murder, comedy"
tt1337057,murder
tt0072085,"murder, flashback"
tt0077235,comedy
tt1308650,"romantic, fantasy"
tt0067690,"murder, fantasy"
tt0775489,
tt0116830,"murder, comedy"
tt0265208,"romantic, comedy"
tt1924429,comedy
tt1877832,"murder, flashback"
tt0072308,
tt0047444,
tt0179626,murder
tt1130088,romantic
tt0065794,"romantic, fantasy"
tt1229405,"murder, comedy"
tt0079714,"murder, flashback"
tt1720616,romantic
tt0060794,
tt0758784,romantic
tt0079489,
tt0417072,murder
tt0054289,"murder, romantic"
tt0212830,"murder, comedy"
tt2287677,murder
tt0408236,"murder, romantic, comedy"
tt2513074,comedy
tt1399683,murder
tt1524095,murder
tt0067328,romantic
tt0055928,murder
tt2125542,
tt3863814,
tt1316622,comedy
tt0082592,murder
tt2554274,"murder, romantic, flashback"
tt0095863,
tt0102526,murder
tt1210042,"murder, comedy"
tt0890870,murder
tt0220470,murder
tt3553442,"romantic, comedy"
tt0105227,"romantic, comedy"
tt0817230,romantic
tt1980185,romantic
tt0758758,romantic
tt0111507,"murder, romantic"
tt0459748,
tt0069281,murder
tt0245686,
tt2177771,
tt2139579,murder
tt0095963,murder
tt1656186,murder
tt1981677,"romantic, comedy"
tt0780504,"murder, comedy"
tt0078346,
tt0056592,murder
tt0127723,"romantic, comedy"
tt0135659,"murder, comedy"
tt0955308,murder
tt0021749,romantic
tt0477080,comedy
tt0094997,murder
tt0481580,romantic
tt0808506,flashback
tt1646926,romantic
tt0053802,flashback
tt1650062,murder
tt0078934,comedy
tt0497972,romantic
tt0477302,flashback
tt0105112,murder
tt0054310,
tt0097289,fantasy
tt0120185,
tt0247638,romantic
tt0278731,murder
tt1625346,romantic
tt1475582,murder
tt3385516,murder
tt0990361,murder
tt0086896,murder
tt0337563,romantic
tt2180411,"romantic, fantasy"
tt0455407,murder
tt0087078,fantasy
tt0086823,flashback
tt1343092,"romantic, flashback"
tt3060952,murder
tt1111422,"murder, flashback"
tt2280302,
tt2190838,
tt0086960,"murder, comedy"
tt0388482,"murder, comedy"
tt0961108,romantic
tt1022603,"romantic, comedy, flashback"
tt1714203,comedy
tt0083972,"murder, comedy"
tt0114781,
tt0088178,
tt0119282,
tt0065513,comedy
tt0056714,romantic
tt0109370,
tt0376479,"romantic, flashback"
tt0420238,"romantic, fantasy"
tt1389096,"murder, comedy"
tt0064276,"murder, comedy"
tt1101051,"romantic, flashback"
tt1043842,murder
tt1097013,"murder, comedy"
tt0082031,"romantic, comedy"
tt0071276,murder
tt0119643,romantic
tt0290673,murder
tt0070603,murder
tt0120791,"romantic, fantasy, flashback"
tt0196267,"romantic, comedy, flashback"
tt0052379,"murder, flashback"
tt1134854,murder
tt1059786,"murder, comedy, flashback"
tt0107282,romantic
tt0069280,"murder, flashback"
tt0239023,
tt1865567,murder
tt1827487,murder
tt0052846,comedy
tt0311289,
tt0462229,comedy
tt0079946,
tt0362004,murder
tt2661536,romantic
tt1133985,
tt1758575,romantic
tt0074920,murder
tt0030287,romantic
tt0800080,
tt0061852,
tt0252866,"romantic, comedy"
tt0317740,comedy
tt0116209,romantic
tt0033436,
tt0311361,
tt0057115,murder
tt0268978,
tt0780622,
tt0036695,murder
tt3147312,comedy
tt1991245,murder
tt0094862,murder
tt3235888,murder
tt2674426,"romantic, comedy"
tt0082639,romantic
tt0033922,"romantic, comedy"
tt0083801,
tt0081398,romantic
tt0061184,"murder, romantic"
tt2126355,
tt2094766,murder
tt0095608,
tt0443453,"romantic, comedy"
tt1067583,"murder, romantic"
tt0831887,murder
tt0808357,
tt0058567,murder
tt0068817,murder
tt0070468,murder
tt1502404,murder
tt0462465,fantasy
tt0171580,murder
tt0049964,fantasy
tt0049656,
tt3059776,"murder, comedy, flashback"
tt1323594,flashback
tt0120815,murder
tt0760311,
tt1431045,"murder, comedy, flashback"
tt0100828,murder
tt0081633,fantasy
tt0050957,"murder, flashback"
tt1591095,
tt0050099,murder
tt0249008,flashback
tt0442933,"fantasy, flashback"
tt0112427,"romantic, flashback"
tt2267968,
tt1731697,comedy
tt0083767,murder
tt0364045,murder
tt0070012,
tt0089264,"romantic, comedy"
tt0482930,fantasy
tt1055369,
tt1512235,"murder, comedy"
tt0371257,murder
tt0796264,murder
tt1535109,"murder, comedy"
tt1334260,romantic
tt1235522,murder
tt0038057,"murder, romantic"
tt1499249,
tt0060522,comedy
tt1706593,
tt2375379,fantasy
tt0353489,"murder, flashback"
tt0094035,murder
tt0086969,"comedy, flashback"
tt0032551,
tt0494243,murder
tt0095705,"murder, comedy"
tt1382250,murder
tt0366758,"murder, comedy"
tt1637725,romantic
tt0319262,
tt1232047,comedy
tt0058450,romantic
tt0090605,flashback
tt0097095,romantic
tt1860213,comedy
tt0045152,"romantic, flashback"
tt0064437,romantic
tt1263670,"romantic, comedy"
tt0055058,
tt0039302,
tt0059415,romantic
tt0053291,"murder, comedy"
tt1276434,romantic
tt0109254,murder
tt0075995,"murder, romantic"
tt1119646,comedy
tt0066808,
tt0926084,fantasy
tt0098627,murder
tt0051051,romantic
tt0929237,murder
tt1327196,"comedy, fantasy"
tt0105417,
tt0065922,
tt0064177,
tt1182350,romantic
tt2820852,comedy
tt0075793,romantic
tt0462482,
tt0772193,
tt0281820,
tt0861689,murder
tt0100935,"murder, comedy"
tt0770214,murder
tt0118617,"romantic, fantasy"
tt0107286,"murder, comedy"
tt0326769,
tt0039195,"murder, romantic"
tt0910936,"murder, comedy"
tt0795421,romantic
tt2581244,"comedy, flashback"
tt0075968,
tt0111255,murder
tt0795461,
tt0024216,
tt0066856,"murder, comedy"
tt1532503,romantic
tt0047849,"murder, flashback"
tt0057128,
tt0343818,murder
tt0368745,romantic
tt1560747,romantic
tt0045063,
tt0080603,murder
tt0057933,"murder, romantic, flashback"
tt1230211,"murder, flashback"
tt1596343,murder
tt0810900,"romantic, comedy"
tt2262227,romantic
tt0332658,"romantic, comedy"
tt0117571,"murder, comedy"
tt0159273,murder
tt0091877,murder
tt0057280,murder
tt0083131,
tt0082776,"murder, comedy"
tt0319343,
tt0054393,
tt0088993,
tt0443701,murder
tt0074875,murder
tt0135000,"romantic, fantasy"
tt0045917,flashback
tt0066214,romantic
tt1772341,comedy
tt2170299,comedy
tt0053604,romantic
tt0030341,
tt0401997,
tt0116607,"murder, romantic, comedy"
tt0462499,"murder, comedy"
tt0202470,"romantic, comedy"
tt0047437,romantic
tt0094964,"romantic, flashback"
tt0385700,"fantasy, flashback"
tt2230358,murder
tt0090768,romantic
tt0113957,"murder, comedy"
tt1596365,flashback
tt2368553,murder
tt0290334,murder
tt0087921,murder
tt0038109,murder
tt0076360,murder
tt0088258,
tt0112471,romantic
tt1134674,
tt0887912,"murder, comedy"
tt0154506,murder
tt0112384,
tt2036376,"murder, comedy"
tt0038360,murder
tt0075900,murder
tt0060481,romantic
tt2404463,murder
tt0022835,"murder, romantic"
tt0351817,romantic
tt0450278,
tt0497465,romantic
tt0103873,
tt0369339,"murder, comedy, flashback"
tt0790686,murder
tt4513674,"murder, romantic"
tt0423651,"romantic, comedy"
tt0082558,comedy
tt0107120,
tt0090327,murder
tt0078975,
tt1764234,murder
tt1628841,murder
tt1524137,"murder, comedy"
tt0068168,"murder, comedy"
tt0108525,romantic
tt2002718,"murder, comedy"
tt0118842,"romantic, comedy"
tt0430919,"romantic, comedy"
tt0089374,
tt0456630,murder
tt0110763,fantasy
tt0097742,"murder, comedy"
tt0021814,
tt0106452,
tt1379222,romantic
tt0410377,
tt0118040,murder
tt1210819,"murder, flashback"
tt0120591,
tt0934584,fantasy
tt0066848,murder
tt0241527,fantasy
tt1291584,
tt0397101,
tt2401878,"romantic, comedy"
tt0035307,romantic
tt0083866,
tt0468565,"murder, comedy"
tt0305224,"romantic, comedy"
tt0045261,fantasy
tt0303361,comedy
tt2400283,romantic
tt0054988,"murder, romantic"
tt0455944,"murder, comedy"
tt1213644,
tt0083929,comedy
tt1836944,murder
tt0972555,murder
tt1094162,
tt0783233,"romantic, flashback"
tt1211956,"murder, comedy"
tt1280558,murder
tt0049470,murder
tt0075222,comedy
tt2271565,
tt0120363,comedy
tt1686821,"murder, comedy"
tt1075417,
tt1100898,
tt0061512,murder
tt0092007,
tt0082259,
tt0081455,"murder, comedy, flashback"
tt0170016,"romantic, fantasy"
tt0087507,murder
tt0445935,murder
tt0303933,romantic
tt0082497,"murder, flashback"
tt0114958,murder
tt0096511,murder
tt0070464,
tt0101587,"romantic, flashback"
tt1219289,"murder, comedy"
tt0031505,murder
tt4651520,"romantic, comedy"
tt0266543,
tt0189998,flashback
tt1447791,murder
tt0180825,"murder, comedy"
tt0120783,romantic
tt1661199,"romantic, fantasy"
tt0795368,comedy
tt0117887,romantic
tt1905041,
tt1001491,
tt0066528,"romantic, flashback"
tt0090564,murder
tt0427470,comedy
tt0873886,murder
tt0808185,
tt0071396,murder
tt0475532,
tt2368619,"murder, comedy"
tt0118887,murder
tt0078111,romantic
tt1305871,"murder, flashback"
tt0929632,"romantic, flashback"
tt0050539,
tt1645155,"murder, comedy"
tt1291580,romantic
tt2103267,romantic
tt0150661,romantic
tt0078935,"murder, flashback"
tt3322312,"murder, flashback"
tt0120888,"romantic, comedy"
tt0086006,murder
tt0094747,romantic
tt0070511,
tt0210616,"romantic, comedy"
tt0433383,
tt0333766,romantic
tt0287467,romantic
tt0082467,murder
tt0108399,"murder, comedy"
tt0356470,romantic
tt0075882,flashback
tt0226771,murder
tt0016643,comedy
tt0076786,murder
tt0175142,"murder, comedy"
tt0296572,
tt1255953,romantic
tt1956620,comedy
tt0186894,romantic
tt0090927,flashback
tt0300556,
tt0032138,fantasy
tt0112641,"murder, comedy"
tt1971352,comedy
tt0216651,fantasy
tt2234003,"murder, romantic, comedy, flashback"
tt0118308,romantic
tt0432021,"murder, comedy"
tt0055464,romantic
tt1838544,murder
tt0197521,flashback
tt0120780,"murder, comedy, flashback"
tt0071935,murder
tt1490017,
tt0478125,murder
tt0087363,"murder, comedy, flashback"
tt0842926,romantic
tt0204175,romantic
tt0042531,murder
tt0100140,"romantic, flashback"
tt0059017,"murder, comedy"
tt0052602,"murder, flashback"
tt1018723,
tt0089643,"romantic, comedy"
tt0113749,comedy
tt0287846,
tt0204824,murder
tt2494362,murder
tt0396555,
tt1714208,murder
tt0133046,
tt0775552,
tt0082846,romantic
tt0371246,romantic
tt0015648,murder
tt0067992,flashback
tt0102558,
tt0372873,
tt0078326,romantic
tt1987028,murder
tt1931533,murder
tt2918436,
tt0063823,
tt0824330,murder
tt0087054,romantic
tt0110002,flashback
tt0067549,romantic
tt0067341,
tt0047673,romantic
tt0145893,romantic
tt2261331,murder
tt0395169,
tt0076009,
tt0396269,romantic
tt0112896,
tt0399095,comedy
tt0051899,murder
tt1226753,murder
tt0048947,romantic
tt1321870,"murder, comedy"
tt0096933,"murder, comedy"
tt1033575,romantic
tt0087100,
tt4897822,
tt0087015,murder
tt0091192,
tt0066892,romantic
tt0903627,comedy
tt1781769,romantic
tt0078723,flashback
tt0057129,
tt0080661,"murder, comedy"
tt1022883,"murder, flashback"
tt0069341,"murder, comedy"
tt0470705,comedy
tt0097647,"romantic, comedy, flashback"
tt1385912,romantic
tt0259153,"murder, flashback"
tt0256415,romantic
tt1843230,"comedy, fantasy"
tt0100827,"murder, flashback"
tt0409793,
tt0102915,"murder, comedy"
tt0119361,romantic
tt0380687,murder
tt0499448,murder
tt0074937,murder
tt0063442,
tt0120660,murder
tt0117913,murder
tt1351685,fantasy
tt0401711,"romantic, comedy, flashback"
tt0109723,romantic
tt0069239,murder
tt0257516,
tt0419887,"romantic, flashback"
tt0089457,"fantasy, flashback"
tt0240119,murder
tt0996979,murder
tt0043461,
tt3181822,"murder, comedy"
tt4034228,"romantic, comedy, flashback"
tt0762107,romantic
tt0439771,
tt0329101,murder
tt1182345,comedy
tt1065073,"romantic, comedy"
tt1023114,romantic
tt1179056,murder
tt0077588,
tt0067800,murder
tt0347246,murder
tt2756032,comedy
tt0237534,"murder, fantasy, flashback"
tt1371111,murder
tt0361500,fantasy
tt1029234,"murder, flashback"
tt0068152,comedy
tt0141560,fantasy
tt1350498,
tt0112585,romantic
tt0166813,fantasy
tt0375679,"murder, comedy"
tt0089038,"murder, flashback"
tt1390535,"murder, comedy"
tt0323808,
tt0997147,
tt2042568,romantic
tt0376196,murder
tt0059260,romantic
tt0071569,fantasy
tt0069956,flashback
tt0880578,murder
tt0083791,fantasy
tt0090644,murder
tt0089274,flashback
tt0096808,comedy
tt2647544,murder
tt0115759,
tt0050393,murder
tt0095294,
tt0386616,"murder, comedy"
tt0365847,
tt2582782,"murder, comedy"
tt1893256,murder
tt0417148,"murder, comedy"
tt0026781,"murder, comedy"
tt0034172,murder
tt0099077,romantic
tt2058673,
tt1001508,"romantic, comedy, flashback"
tt1233227,murder
tt0388789,romantic
tt0106519,murder
tt0086429,
tt0120669,"murder, comedy"
tt0048449,
tt0035423,romantic
tt1080016,
tt0089338,murder
tt0069704,comedy
tt0097165,romantic
tt0089686,murder
tt0021884,
tt0947802,comedy
tt1399103,
tt0080881,comedy
tt0399146,"murder, comedy"
tt2784512,
tt0117574,"murder, comedy, flashback"
tt0422295,romantic
tt0446029,"romantic, comedy"
tt0274558,"romantic, flashback"
tt0085693,murder
tt0069920,"murder, flashback"
tt0025301,"romantic, flashback"
tt2304933,murder
tt0228333,murder
tt2236054,"murder, flashback"
tt0037988,"murder, romantic"
tt0080016,
tt0055902,romantic
tt1270286,romantic
tt0107719,"romantic, fantasy"
tt0104558,murder
tt0799934,
tt0118607,murder
tt1839654,romantic
tt3148348,murder
tt0103956,murder
tt0822847,
tt1231583,flashback
tt0037099,"murder, flashback"
tt0092576,murder
tt0117128,
tt0119683,"murder, romantic"
tt0100031,"murder, comedy"
tt0808151,murder
tt1038686,"murder, comedy, flashback"
tt1067774,romantic
tt1226273,murder
tt0080440,murder
tt0057522,murder
tt0335563,"murder, flashback"
tt0199389,"murder, comedy"
tt0049261,romantic
tt1922685,murder
tt0104684,murder
tt0887971,"murder, comedy"
tt0120855,
tt0074119,
tt0758752,"romantic, comedy"
tt0060921,murder
tt0101793,"romantic, comedy, flashback"
tt0328031,murder
tt0462538,comedy
tt0059578,murder
tt0029682,romantic
tt1019452,romantic
tt0356680,"romantic, comedy"
tt0834001,fantasy
tt0411302,fantasy
tt0765120,romantic
tt1172233,"romantic, comedy"
tt0104692,
tt0068815,murder
tt0377713,
tt0079844,murder
tt0027652,"murder, comedy"
tt1583421,murder
tt0330793,"murder, comedy"
tt1937390,"romantic, comedy"
tt0267248,murder
tt1196204,romantic
tt0373981,murder
tt0107048,"romantic, flashback"
tt1386703,"murder, flashback"
tt0132477,
tt0120647,flashback
tt1198101,flashback
tt0090248,fantasy
tt0435651,
tt0185183,
tt0250593,
tt0892318,"romantic, comedy"
tt1605630,"comedy, flashback"
tt0395584,"murder, comedy"
tt0034492,"fantasy, flashback"
tt0390205,
tt0097221,"murder, flashback"
tt0084298,
tt0162661,murder
tt0758053,romantic
tt0079116,
tt0081184,
tt2393845,"murder, comedy"
tt0245120,
tt1268799,romantic
tt1748122,romantic
tt0292542,romantic
tt0371552,fantasy
tt0047034,
tt1000774,"romantic, flashback"
tt0103776,murder
tt0053677,
tt0100157,
tt0329334,murder
tt0357413,"comedy, flashback"
tt0085382,flashback
tt0026778,comedy
tt0089087,
tt0082427,murder
tt0844330,romantic
tt0401233,
tt0059358,
tt1935201,romantic
tt0046248,
tt1263750,romantic
tt0045537,"romantic, comedy, flashback"
tt0098258,"romantic, comedy"
tt0155711,"comedy, flashback"
tt1340800,murder
tt0478311,"romantic, comedy"
tt1828246,murder
tt1038988,
tt0457513,"murder, comedy"
tt0073747,
tt0318627,murder
tt0120520,romantic
tt0304711,murder
tt0083542,murder
tt3177316,
tt0103919,murder
tt0303816,"murder, flashback"
tt0120685,comedy
tt0114369,murder
tt0129167,
tt1711018,
tt0393635,"murder, flashback"
tt0106673,
tt0374563,murder
tt0069048,murder
tt1151922,"romantic, comedy"
tt1024255,romantic
tt0085334,comedy
tt0207972,romantic
tt0067023,comedy
tt4034354,
tt0036969,romantic
tt0186151,"murder, comedy"
tt0083284,flashback
tt0445934,flashback
tt2370248,romantic
tt0103855,murder
tt0499464,murder
tt0450827,
tt0216882,"romantic, fantasy, flashback"
tt1433108,murder
tt0263671,"romantic, comedy"
tt0913968,murder
tt3899796,murder
tt1046173,
tt0072007,murder
tt2792254,"romantic, flashback"
tt0408777,comedy
tt0325537,
tt0066319,
tt0081237,"murder, flashback"
tt1899353,murder
tt0062863,flashback
tt1421046,"romantic, flashback"
tt1405412,
tt0371572,fantasy
tt0085106,"murder, flashback"
tt1486192,"murder, flashback"
tt1791528,murder
tt0073043,
tt0838283,"romantic, flashback"
tt0058962,
tt1104006,murder
tt0081568,murder
tt4960754,romantic
tt0038369,"murder, flashback"
tt0426931,romantic
tt0082783,
tt0134119,"murder, romantic"
tt0039661,
tt0045564,"murder, flashback"
tt0381940,"murder, flashback"
tt0040422,
tt0493402,murder
tt1174954,
tt0079639,
tt0085863,romantic
tt0245844,murder
tt0089941,
tt0436689,"romantic, comedy"
tt0048977,"murder, flashback"
tt0075066,murder
tt0038740,comedy
tt0098073,"murder, comedy, flashback"
tt0032610,murder
tt0059127,
tt1379177,comedy
tt0907676,murder
tt0180274,"murder, comedy"
tt0091187,"comedy, flashback"
tt1488555,"romantic, comedy"
tt0435716,murder
tt0063350,murder
tt0096438,"murder, comedy"
tt0120695,
tt0095379,"murder, comedy"
tt0086589,murder
tt0093485,"romantic, flashback"
tt1634122,murder
tt0477311,
tt0139654,"murder, comedy"
tt0108122,murder
tt0305711,"romantic, comedy, flashback"
tt0077914,"murder, flashback"
tt0075265,"romantic, comedy"
tt0423881,romantic
tt0063095,murder
tt0357507,murder
tt3183660,
tt0082379,
tt0097499,romantic
tt0120484,romantic
tt0421054,"comedy, flashback"
tt0423169,"romantic, comedy"
tt0091225,
tt0456020,murder
tt1870419,"murder, comedy, flashback"
tt2170439,
tt1990314,
tt0126029,"comedy, fantasy"
tt0064904,murder
tt0089822,comedy
tt3627704,murder
tt1832382,"murder, romantic"
tt0084756,"murder, comedy"
tt0171804,romantic
tt0138097,romantic
tt0118172,fantasy
tt1569923,"murder, flashback"
tt0390022,romantic
tt1606267,romantic
tt1531642,
tt0098331,murder
tt0082340,
tt0114852,murder
tt1450321,murder
tt0146675,murder
tt0281364,murder
tt0105466,
tt0117218,comedy
tt0070510,flashback
tt0413099,
tt0424345,"romantic, comedy"
tt2188965,murder
tt0056923,"murder, comedy, flashback"
tt0318155,
tt0844286,fantasy
tt0335345,
tt1099204,murder
tt2679042,murder
tt0073582,murder
tt0087050,murder
tt0114134,"murder, romantic"
tt0105217,murder
tt0077834,murder
tt0108160,"romantic, flashback"
tt0313542,
tt0056172,murder
tt0103064,"murder, comedy"
tt0804555,murder
tt0138749,
tt1185420,romantic
tt0066518,
tt0077663,"murder, romantic"
tt0134273,murder
tt1568338,comedy
tt0276919,"murder, romantic"
tt0048757,romantic
tt0098622,"murder, comedy"
tt0308878,romantic
tt0110622,
tt0117060,"murder, comedy"
tt0942385,comedy
tt0087127,fantasy
tt1865573,"murder, flashback"
tt0309377,"murder, comedy, flashback"
tt2309224,
tt0857191,romantic
tt0355295,fantasy
tt0351283,comedy
tt0114168,
tt0090859,murder
tt0061439,"romantic, flashback"
tt1179258,romantic
tt0300140,romantic
tt0272147,murder
tt0025830,murder
tt0218922,romantic
tt0027698,romantic
tt0095016,"murder, comedy"
tt0120601,
tt0466943,
tt1694508,
tt0407121,
tt0069754,romantic
tt0192657,murder
tt1735485,murder
tt0087909,murder
tt0166792,
tt0115744,"romantic, comedy"
tt0429591,romantic
tt0031679,
tt1772240,
tt0077572,murder
tt0039305,murder
tt0082533,"murder, flashback"
tt0067334,comedy
tt0317132,
tt0230011,
tt0086837,
tt0035262,romantic
tt0070355,"murder, comedy, flashback"
tt0372884,"romantic, comedy"
tt0192614,murder
tt0111143,
tt0055257,murder
tt1058017,romantic
tt0098309,"comedy, flashback"
tt0054038,
tt1798684,
tt0412142,
tt0107616,romantic
tt0067065,
tt0461872,"murder, comedy, flashback"
tt0092906,
tt0383717,comedy
tt2488496,"fantasy, flashback"
tt1670345,"comedy, flashback"
tt0099044,"murder, comedy"
tt1396523,murder
tt1034032,"murder, comedy, flashback"
tt0146838,
tt0801526,"murder, romantic"
tt0097021,murder
tt2557490,"murder, comedy"
tt1124039,
tt1049413,
tt0192255,
tt1054486,fantasy
tt0064615,murder
tt0080503,"murder, comedy"
tt1013752,"murder, comedy"
tt0166924,"murder, flashback"
tt0093936,romantic
tt0083960,"murder, flashback"
tt0402910,comedy
tt0884328,murder
tt0066999,"murder, comedy"
tt0353969,murder
tt0100639,"murder, comedy"
tt0274309,
tt0988595,"romantic, comedy, flashback"
tt0076271,
tt0135033,comedy
tt3416744,"romantic, comedy"
tt1231587,
tt0059125,"murder, flashback"
tt0444682,murder
tt0080855,murder
tt1682246,
tt0062900,romantic
tt0427392,
tt0061789,
tt0250797,"murder, romantic"
tt4005402,
tt0120834,murder
tt0347304,romantic
tt0204709,"romantic, flashback"
tt0398017,"murder, comedy, flashback"
tt0062453,
tt1121931,"murder, comedy"
tt0052530,murder
tt0119081,"murder, flashback"
tt0120603,"murder, romantic, flashback"
tt0118749,"murder, comedy"
tt0100200,romantic
tt0068424,flashback
tt0059792,
tt0302886,"romantic, comedy"
tt2024544,flashback
tt0058324,romantic
tt0899138,"romantic, flashback"
tt0375568,fantasy
tt0091209,"murder, comedy"
tt0046672,
tt1100053,"murder, comedy"
tt0040778,murder
tt0454841,murder
tt0096764,
tt4303340,"murder, comedy"
tt0049769,"murder, comedy"
tt0131369,romantic
tt2771372,"murder, comedy"
tt0033238,romantic
tt0089218,
tt0428446,"murder, comedy"
tt1193627,romantic
tt0319931,"romantic, comedy"
tt0089155,"murder, flashback"
tt2631186,"romantic, fantasy"
tt2395199,"murder, comedy"
tt0144814,"murder, flashback"
tt0075005,"murder, flashback"
tt0463854,
tt0943326,murder
tt0069019,"murder, flashback"
tt0114319,romantic
tt0261983,
tt0361862,comedy
tt0093773,murder
tt1039646,flashback
tt0099776,murder
tt0098621,romantic
tt0049103,
tt0320661,
tt0073540,
tt0061722,romantic
tt0061395,"murder, romantic"
tt0052311,murder
tt0119142,comedy
tt1601913,
tt1324999,"murder, fantasy, flashback"
tt0071994,murder
tt0081163,murder
tt0910554,comedy
tt0120004,murder
tt0465494,murder
tt1037850,romantic
tt0315297,murder
tt0067525,murder
tt0468795,"romantic, comedy"
tt2313197,murder
tt3640424,"murder, flashback"
tt1187043,romantic
tt0274711,murder
tt0098439,"murder, comedy"
tt0089239,murder
tt0289992,"murder, flashback"
tt1924435,"murder, comedy, flashback"
tt0363771,"murder, fantasy, flashback"
tt0356910,romantic
tt1130980,"romantic, comedy"
tt0059026,
tt0443543,murder
tt0040071,"murder, romantic"
tt0106582,"murder, comedy, flashback"
tt0243585,romantic
tt1127180,
tt1034449,
tt1146438,"comedy, flashback"
tt2820466,
tt4975722,romantic
tt0075679,murder
tt0198021,romantic
tt0499168,romantic
tt2322441,"romantic, comedy"
tt0238546,fantasy
tt0098067,romantic
tt0141369,murder
tt0058383,murder
tt0347149,
tt0964539,murder
tt0091670,
tt1046163,romantic
tt1092026,
tt0458525,murder
tt0496373,
tt0119784,murder
tt2379386,fantasy
tt0250258,murder
tt0086050,murder
tt5460276,murder
tt0365265,murder
tt0111293,comedy
tt3647498,"murder, comedy"
tt0080339,
tt0233469,murder
tt0051554,
tt0103772,murder
tt2414766,romantic
tt0064115,murder
tt2962984,"romantic, comedy"
tt0093677,murder
tt0123209,"romantic, comedy, flashback"
tt0106220,"murder, romantic"
tt2980708,romantic
tt1547234,flashback
tt0475417,
tt0220506,murder
tt1571222,romantic
tt1592191,
tt0112362,
tt0362478,
tt1450672,
tt0078869,flashback
tt3511596,"murder, comedy"
tt1375666,
tt0106977,"murder, comedy"
tt0066565,murder
tt0051380,"murder, comedy, flashback"
tt0130018,murder
tt0282599,romantic
tt2177347,romantic
tt0023245,
tt0452624,murder
tt0091083,
tt0031754,fantasy
tt0470869,romantic
tt0096098,murder
tt0104070,comedy
tt0061584,
tt0207201,"romantic, comedy, flashback"
tt2053463,murder
tt0129387,romantic
tt0192731,"murder, comedy"
tt1034303,"murder, flashback"
tt0053917,romantic
tt0815236,romantic
tt0061655,
tt0071233,
tt0038108,"romantic, fantasy"
tt0094226,murder
tt0092625,
tt0814685,murder
tt0453467,murder
tt0397892,
tt0120804,"murder, comedy, flashback"
tt0080806,murder
tt0844479,"murder, comedy"
tt0113613,"murder, comedy"
tt1020558,
tt0405159,romantic
tt0074512,murder
tt0398165,murder
tt1971325,murder
tt1135525,comedy
tt0164181,
tt0074593,
tt0079550,
tt0264508,
tt2409300,
tt1245526,"murder, comedy, flashback"
tt0109831,romantic
tt0449487,fantasy
tt0069945,
tt0878134,
tt1984153,"fantasy, flashback"
tt1147687,murder
tt0110978,comedy
tt0058329,murder
tt0312004,
tt2140373,"romantic, comedy, flashback"
tt0114467,"murder, comedy"
tt0180073,romantic
tt0093560,
tt0092076,murder
tt2302755,"murder, comedy"
tt1095427,comedy
tt0374900,"romantic, comedy"
tt0065580,"murder, romantic"
tt0384793,romantic
tt1433811,
tt0020414,fantasy
tt0117438,"murder, comedy, flashback"
tt0119345,murder
tt0106701,flashback
tt0936501,"murder, comedy"
tt0084293,romantic
tt0200550,"romantic, comedy"
tt2316411,comedy
tt0084739,murder
tt1217209,fantasy
tt0093075,
tt0088847,romantic
tt0037638,
tt1249294,comedy
tt1375670,"romantic, comedy"
tt1633356,
tt0213847,"romantic, flashback"
tt0322968,fantasy
tt0934706,murder
tt0079083,murder
tt0026138,
tt1964418,"comedy, flashback"
tt0398913,
tt0057076,murder
tt0054407,
tt0478134,murder
tt0441909,romantic
tt0286716,
tt0042208,"murder, flashback"
tt0382189,romantic
tt1245088,
tt0465580,"murder, comedy, flashback"
tt4048272,romantic
tt0100260,murder
tt1186373,flashback
tt0097108,murder
tt1528100,
tt0003419,murder
tt0032215,murder
tt0047296,"murder, comedy, flashback"
tt0316030,"murder, comedy"
tt1201133,
tt3401882,comedy
tt0947810,
tt2397535,
tt0087538,comedy
tt0083722,murder
tt0108358,murder
tt1217613,"murder, comedy"
tt0382932,romantic
tt0119715,comedy
tt0013442,flashback
tt0265459,romantic
tt1104123,"murder, fantasy"
tt2176013,romantic
tt0001223,romantic
tt0105378,murder
tt1194624,murder
tt2517044,romantic
tt0787474,fantasy
tt4805880,"murder, romantic"
tt0486259,romantic
tt0461770,"romantic, comedy, fantasy"
tt1255916,"murder, comedy"
tt0305973,"romantic, comedy"
tt0117998,flashback
tt0143145,"murder, flashback"
tt0079522,romantic
tt0770752,
tt0094761,
tt0067927,
tt0036972,romantic
tt0107983,"murder, comedy"
tt0030128,fantasy
tt0047542,murder
tt0120832,murder
tt0113277,"murder, comedy"
tt0099739,murder
tt0097351,romantic
tt0118880,"murder, comedy"
tt1230414,"romantic, comedy"
tt0479997,"murder, fantasy, flashback"
tt0052905,murder
tt0054691,murder
tt1778304,comedy
tt0073880,comedy
tt0445990,
tt0038769,"murder, romantic"
tt0765443,"murder, comedy"
tt0364569,murder
tt0053146,"murder, comedy"
tt0120735,"murder, comedy"
tt0380623,romantic
tt0097162,murder
tt0301470,murder
tt2167202,"murder, comedy"
tt0054377,"murder, fantasy"
tt0066286,
tt1153040,murder
tt0116629,flashback
tt0299977,"murder, fantasy"
tt0064072,
tt0211915,"romantic, flashback"
tt0054443,murder
tt1308748,murder
tt0077869,fantasy
tt0114746,murder
tt1840309,murder
tt0475394,"murder, comedy"
tt0121765,"murder, fantasy"
tt0378109,comedy
tt0071212,"murder, flashback"
tt0113824,romantic
tt0899128,"murder, comedy"
tt1540125,
tt0120860,"murder, comedy"
tt0098385,murder
tt1240982,fantasy
tt0070066,
tt1294213,romantic
tt0115783,comedy
tt3086442,
tt0462396,
tt0043132,murder
tt1699114,
tt0328400,
tt1277737,
tt0986213,romantic
tt0454848,"murder, comedy"
tt0026499,fantasy
tt0910970,
tt0258153,murder
tt0079285,
tt0050086,"murder, comedy"
tt0457430,"murder, fantasy"
tt0091630,murder
tt0473753,romantic
tt0098180,
tt1427298,romantic
tt0089927,
tt0240468,
tt2364841,
tt1831164,"romantic, flashback"
tt0113627,romantic
tt0765010,"murder, romantic, flashback"
tt3850214,"comedy, flashback"
tt0185431,
tt0259127,
tt0338337,murder
tt0028249,romantic
tt0765429,"murder, comedy"
tt0071360,
tt0116650,
tt0114608,
tt1179891,"murder, comedy"
tt0481369,murder
tt0043128,
tt1210166,comedy
tt0401445,romantic
tt1567437,murder
tt0259974,flashback
tt0049366,
tt0435625,flashback
tt1392214,murder
tt0116361,"murder, comedy"
tt2980648,romantic
tt0432283,
tt3315342,murder
tt0852713,romantic
tt0120623,
tt0105527,
tt0386588,"romantic, comedy, flashback"
tt0118178,"murder, romantic, comedy"
tt0938283,fantasy
tt0393162,romantic
tt1057500,
tt1197624,murder
tt0097662,"murder, comedy"
tt0892769,fantasy
tt0251736,"murder, comedy"
tt0804529,
tt0093409,"murder, comedy"
tt0286306,murder
tt2034139,murder
tt0055032,romantic
tt0085303,murder
tt0085615,murder
tt3422078,murder
tt0063285,
tt2101441,"murder, comedy, flashback"
tt0054099,"murder, fantasy"
tt0277434,
tt0037323,romantic
tt0242423,comedy
tt0430051,"romantic, flashback"
tt0125664,"romantic, comedy"
tt0446319,comedy
tt1273678,comedy
tt0052901,"murder, flashback"
tt0315733,"murder, romantic, flashback"
tt0120805,murder
tt0472033,"fantasy, flashback"
tt3390964,murder
tt0095647,"murder, comedy"
tt0119891,"murder, flashback"
tt0983213,romantic
tt0047960,murder
tt0332136,romantic
tt0455782,murder
tt0114709,comedy
tt0245712,"murder, comedy"
tt0068708,murder
tt0089908,fantasy
tt0087553,murder
tt0050201,murder
tt0080569,murder
tt0114825,
tt0117381,murder
tt0858486,
tt0408345,murder
tt0360717,
tt3387648,murder
tt0889583,
tt0462477,murder
tt1728224,fantasy
tt0317676,murder
tt0085794,comedy
tt0071200,
tt0084796,murder
tt1951264,
tt0382625,murder
tt0109707,"comedy, flashback"
tt0071455,comedy
tt0072226,"murder, comedy"
tt0199626,murder
tt0441007,"romantic, flashback"
tt1020530,"murder, flashback"
tt0409459,murder
tt0460740,"romantic, flashback"
tt0490181,
tt0049406,"murder, comedy"
tt0069995,murder
tt0097981,
tt1549920,"murder, comedy"
tt3065204,
tt2379713,"murder, flashback"
tt1130884,"murder, comedy, flashback"
tt0061117,murder
tt0037690,murder
tt0903657,"romantic, flashback"
tt2103217,murder
tt1037004,romantic
tt1985966,
tt0063049,
tt2486630,murder
tt0059646,
tt0065051,
tt0479143,"romantic, flashback"
tt0452594,romantic
tt1659343,murder
tt0056058,flashback
tt0065660,
tt0090357,murder
tt0356618,
tt2388715,"murder, comedy"
tt1155076,
tt5325452,flashback
tt0043621,"romantic, comedy"
tt1013753,"romantic, comedy, flashback"
tt0113189,murder
tt0048280,romantic
tt1024648,murder
tt0075296,romantic
tt0307901,"romantic, comedy, flashback"
tt0155388,romantic
tt0265666,romantic
tt0094924,murder
tt0102914,murder
tt2267998,"murder, comedy, flashback"
tt1384590,flashback
tt0093428,murder
tt0245574,romantic
tt0844666,"murder, flashback"
tt0112856,murder
tt0457433,"murder, comedy, flashback"
tt0045793,murder
tt0055630,murder
tt0084704,
tt0411477,fantasy
tt0087182,flashback
tt1395054,romantic
tt0421239,"murder, comedy, flashback"
tt0266987,
tt0084865,romantic
tt0455824,murder
tt0337961,comedy
tt0037547,
tt0071523,murder
tt0043142,murder
tt4574334,"murder, comedy"
tt0119229,
tt1023111,romantic
tt0804516,"murder, comedy"
tt0082432,
tt0091288,
tt0087781,romantic
tt0099810,murder
tt0075838,murder
tt0037382,comedy
tt1911644,"murder, comedy, flashback"
tt0800308,murder
tt2409818,murder
tt0086056,romantic
tt0085627,"murder, flashback"
tt1592525,murder
tt0065421,fantasy
tt0103016,"murder, romantic"
tt1226229,romantic
tt1205537,murder
tt0159241,
tt0430304,comedy
tt0049248,murder
tt0105629,
tt1156148,romantic
tt1345777,"murder, romantic"
tt2908228,fantasy
tt0435705,
tt0486583,romantic
tt0120654,comedy
tt0078788,
tt0070215,
tt2961768,
tt0235737,"murder, comedy"
tt0840361,"murder, comedy, flashback"
tt0023293,romantic
tt0114558,"murder, comedy"
tt0945356,
tt1386932,murder
tt0037008,murder
tt0259288,flashback
tt0191043,"romantic, fantasy"
tt0054215,murder
tt0433035,
tt0065094,romantic
tt0426396,
tt0011387,romantic
tt0095765,romantic
tt4257926,romantic
tt0097583,"murder, flashback"
tt1242545,
tt2503944,romantic
tt0101540,
tt0299981,
tt1196339,"romantic, flashback"
tt1231287,
tt0108550,murder
tt0119874,murder
tt0103312,"murder, romantic"
tt2209300,murder
tt0040506,"murder, comedy"
tt0080391,
tt0365907,"murder, comedy, flashback"
tt0160009,murder
tt0420609,"murder, romantic"
tt0088693,fantasy
tt0057517,
tt0067991,comedy
tt0445953,romantic
tt0096754,
tt0449467,"murder, comedy"
tt0100405,"romantic, comedy"
tt0435670,"murder, flashback"
tt1559547,"romantic, flashback"
tt0062512,murder
tt0025465,murder
tt0088184,comedy
tt0051078,"comedy, fantasy"
tt0073440,romantic
tt0082971,"murder, flashback"
tt0106436,
tt0114367,"murder, flashback"
tt0239514,"murder, romantic"
tt0097441,
tt1849718,"murder, romantic"
tt3766394,romantic
tt0069745,murder
tt0431021,
tt0120131,romantic
tt1712261,"murder, comedy"
tt3672026,romantic
tt1042570,
tt0120382,
tt1028528,comedy
tt0110116,romantic
tt0249241,
tt0293508,romantic
tt1038680,
tt0377752,romantic
tt0396707,fantasy
tt1186830,
tt0053337,murder
tt0038650,
tt1637706,"romantic, comedy"
tt0065856,murder
tt0407887,"murder, comedy"
tt0068005,murder
tt0115639,romantic
tt1618432,romantic
tt0086979,"murder, comedy"
tt0090178,murder
tt0082005,murder
tt0025878,murder
tt1638355,"murder, flashback"
tt0492619,
tt1379182,
tt0146882,romantic
tt1550312,romantic
tt0958860,"murder, comedy, flashback"
tt0437857,murder
tt0096118,"murder, comedy"
tt0364970,murder
tt0320751,
tt1951265,
tt0155776,murder
tt0049429,murder
tt0104815,murder
tt1646987,fantasy
tt0038700,"murder, flashback"
tt1959332,murder
tt0443272,
tt0120241,
tt0063356,"murder, comedy, flashback"
tt0367000,romantic
tt0094933,murder
tt0057197,
tt0088323,fantasy
tt0275083,fantasy
tt0462200,
tt0070608,
tt0090655,
tt2238050,"murder, romantic, flashback"
tt0021668,murder
tt0093756,comedy
tt0086383,"murder, comedy, flashback"
tt2980706,comedy
tt1345836,"murder, comedy, flashback"
tt0117093,
tt0109842,"murder, comedy, flashback"
tt0041301,"comedy, fantasy"
tt1979388,fantasy
tt1422653,murder
tt1073498,
tt0423515,
tt0337978,"murder, comedy"
tt0072901,
tt0061418,
tt0071487,murder
tt0405266,"romantic, flashback"
tt0929629,flashback
tt1446714,
tt0423294,flashback
tt0044706,murder
tt0097576,
tt0813547,murder
tt0068931,"murder, comedy, flashback"
tt0384680,"romantic, flashback"
tt0093624,flashback
tt0212985,"murder, flashback"
tt1845786,
tt1788391,"murder, comedy, flashback"
tt0092516,murder
tt0486551,"comedy, flashback"
tt0088224,comedy
tt0056576,
tt1407049,
tt2016940,
tt1586261,"murder, flashback"
tt0106104,"murder, flashback"
tt1301160,"murder, comedy"
tt0049730,murder
tt1809398,murder
tt1390411,
tt0055824,murder
tt0425210,"murder, comedy, flashback"
tt0086450,flashback
tt0113326,
tt0109575,murder
tt0099994,murder
tt0088334,fantasy
tt0089665,"murder, comedy"
tt0486640,murder
tt0082509,"murder, flashback"
tt1810510,murder
tt1872181,"murder, comedy, flashback"
tt1935104,
tt0116287,romantic
tt0300051,romantic
tt1554091,romantic
tt0093608,"comedy, flashback"
tt0799949,"fantasy, flashback"
tt1232207,
tt0139809,murder
tt0028346,murder
tt0088128,"romantic, comedy"
tt1588337,
tt1314655,murder
tt0099578,"murder, comedy"
tt0078846,
tt2452254,"romantic, comedy"
tt0299556,flashback
tt1387528,"murder, romantic"
tt0411146,"romantic, fantasy"
tt0944835,"murder, comedy, flashback"
tt0120784,"murder, comedy, flashback"
tt0804461,"murder, comedy, flashback"
tt0986233,
tt1937149,comedy
tt0093044,
tt0076538,
tt0175536,murder
tt1839596,romantic
tt2980516,romantic
tt0093886,romantic
tt0800069,murder
tt0165982,fantasy
tt0083943,murder
tt0360486,
tt0179116,romantic
tt3079380,"murder, comedy"
tt0316768,romantic
tt1673434,"romantic, fantasy, flashback"
tt1527186,romantic
tt0044391,romantic
tt1457767,murder
tt0089208,romantic
tt0056875,murder
tt0110357,flashback
tt0038574,romantic
tt1156398,
tt0317648,
tt0075314,"murder, comedy"
tt0405296,flashback
tt0118025,murder
tt0167260,"fantasy, flashback"
tt0047396,murder
tt0080354,murder
tt0082237,murder
tt0098230,flashback
tt0067959,
tt1297919,murder
tt0048028,romantic
tt0907657,"romantic, comedy"
tt0460780,fantasy
tt0906734,
tt2567026,fantasy
tt0055614,murder
tt0092099,
tt0095327,flashback
tt0106611,comedy
tt1702439,murder
tt0825232,romantic
tt1270761,
tt0430676,"murder, comedy"
tt0024044,
tt2113148,murder
tt0973842,murder
tt0082894,murder
tt3862750,"murder, comedy"
tt0293715,romantic
tt0081353,
tt1434435,"murder, comedy"
tt0046912,murder
tt2101341,"murder, flashback"
tt0173721,romantic
tt0325596,flashback
tt0409182,comedy
tt0187393,murder
tt0401383,"romantic, flashback"
tt1646971,fantasy
tt0259711,"murder, flashback"
tt0067803,romantic
tt0433386,murder
tt3731562,
tt0389557,murder
tt0108071,"romantic, flashback"
tt0068473,murder
tt1339161,
tt1341710,murder
tt0112870,romantic
tt0102439,romantic
tt0078446,"comedy, flashback"
tt2194499,"romantic, comedy, flashback"
tt0039324,"murder, romantic"
tt0449088,fantasy
tt0110099,"romantic, comedy"
tt0970179,romantic
tt0926063,comedy
tt0164052,murder
tt2229499,"romantic, comedy, flashback"
tt0383010,"murder, comedy"
tt1156506,
tt0117894,"murder, flashback"
tt0803096,fantasy
tt0413015,romantic
tt0119861,romantic
tt0352248,
tt0282768,
tt0031314,murder
tt0083907,
tt0050371,
tt2390361,romantic
tt0090249,
tt0095179,murder
tt0102798,
tt0031047,murder
tt1185600,
tt0119809,"murder, comedy"
tt0110367,romantic
tt0418819,"murder, comedy, flashback"
tt0118771,murder
tt1020543,
tt0114388,romantic
tt0071508,murder
tt0115963,flashback
tt2006890,
tt0095444,murder
tt0110478,
tt0046876,
tt0040694,romantic
tt0093640,murder
tt1723811,"romantic, comedy"
tt1077368,murder
tt0363988,murder
tt0386064,murder
tt0074812,"murder, flashback"
tt0107242,romantic
tt2446042,"murder, comedy, flashback"
tt0033467,"romantic, flashback"
tt0093638,murder
tt0073802,"murder, comedy"
tt0082696,murder
tt0433588,
tt0209144,"murder, flashback"
tt0421090,romantic
tt0498399,"murder, comedy"
tt0345061,romantic
tt0055399,murder
tt0107206,"murder, comedy, flashback"
tt0235712,
tt0105698,murder
tt0368794,flashback
tt0119590,romantic
tt1631867,flashback
tt0478329,"murder, flashback"
tt0077889,romantic
tt4052882,
tt0106308,
tt0095953,romantic
tt0074958,
tt2100397,
tt0107843,"murder, comedy, flashback"
tt0469979,"romantic, comedy"
tt0277296,"murder, fantasy"
tt0054047,murder
tt0289765,murder
tt0073172,"romantic, comedy"
tt0451079,fantasy
tt1242432,comedy
tt0105604,murder
tt0080749,murder
tt0036613,murder
tt0116275,romantic
tt0080907,murder
tt1423995,"romantic, comedy, fantasy, flashback"
tt0101076,
tt0086361,romantic
tt0816462,"fantasy, flashback"
tt0950500,romantic
tt0113243,comedy
tt0075925,"murder, flashback"
tt0112040,
tt0316654,"murder, flashback"
tt0082495,murder
tt0190332,"romantic, flashback"
tt0109686,"murder, comedy"
tt0103994,romantic
tt0162983,"romantic, flashback"
tt0086203,
tt1787988,"murder, flashback"
tt0418279,"comedy, flashback"
tt0042004,romantic
tt1450746,murder
tt0057226,
tt1087461,comedy
tt0093378,romantic
tt2359024,"murder, flashback"
tt1407050,comedy
tt2713180,"murder, comedy, flashback"
tt2245084,
tt2275946,comedy
tt2916324,murder
tt0204313,murder
tt2404311,"murder, comedy"
tt2120072,
tt0050212,"murder, flashback"
tt0882977,murder
tt0019702,"murder, comedy"
tt0399201,"murder, comedy, flashback"
tt0824747,"murder, comedy"
tt1193138,"romantic, comedy"
tt1243957,
tt0035855,murder
tt1494772,flashback
tt0056218,flashback
tt0465551,romantic
tt0080752,
tt1226681,
tt0049513,
tt0954981,romantic
tt3014866,"murder, comedy"
tt0050095,murder
tt0388125,romantic
tt1273235,"murder, comedy"
tt1928330,"murder, comedy"
tt1514041,comedy
tt0110475,"murder, comedy"
tt0370263,
tt0218553,flashback
tt0129023,romantic
tt0057569,murder
tt1053859,murder
tt0163651,"romantic, comedy"
tt0051887,"murder, comedy"
tt2203939,"romantic, comedy"
tt0064757,
tt0128442,comedy
tt3567288,"comedy, flashback"
tt0033563,"romantic, fantasy"
tt0780606,murder
tt0268126,romantic
tt1453405,"fantasy, flashback"
tt0041163,
tt1003080,
tt1540011,
tt1126596,murder
tt0046250,romantic
tt0120467,"murder, comedy"
tt2718492,romantic
tt0035899,murder
tt0094057,"murder, comedy"
tt0062358,murder
tt0090738,"murder, romantic, comedy, flashback"
tt0232500,comedy
tt0034862,"romantic, comedy"
tt0068762,murder
tt0479528,
tt0338096,romantic
tt0496806,comedy
tt1288558,murder
tt1117581,murder
tt0040636,murder
tt0059043,comedy
tt0045941,"murder, flashback"
tt0190590,
tt0050424,"murder, flashback"
tt1458175,"murder, comedy"
tt1658837,murder
tt1763303,romantic
tt0259025,murder
tt1651142,fantasy
tt1006929,"romantic, flashback"
tt0473705,"murder, comedy, flashback"
tt1470827,
tt0093748,comedy
tt0100740,murder
tt1034331,"murder, comedy"
tt0182789,
tt0070300,
tt2078446,romantic
tt0438488,
tt1478964,
tt0800039,"romantic, comedy, flashback"
tt0166896,
tt0070868,murder
tt0133093,"murder, comedy, fantasy"
tt1622547,"murder, comedy"
tt0880502,"murder, romantic, comedy"
tt4196776,murder
tt0084732,murder
tt1135487,comedy
tt0462322,"murder, comedy"
tt0093177,murder
tt0822854,"murder, comedy"
tt0087799,"murder, comedy"
tt0455960,"murder, comedy"
tt0391198,murder
tt0116743,romantic
tt0169547,romantic
tt0067367,murder
tt0097815,
tt0463985,"comedy, flashback"
tt0896866,
tt0086192,"murder, comedy"
tt0862467,murder
tt0478087,comedy
tt0034786,"murder, flashback"
tt1314228,"murder, comedy"
tt1053424,flashback
tt0457939,"romantic, comedy"
tt1532545,
tt0050177,
tt1331307,murder
tt0944947,murder
tt0064590,
tt1095174,romantic
tt1438254,romantic
tt0473075,"murder, fantasy"
tt0379557,
tt0207198,"comedy, flashback"
tt0059113,romantic
tt0091339,"murder, comedy"
tt0050783,romantic
tt0099012,"romantic, flashback"
tt0052187,murder
tt0804507,murder
tt1270798,murder
tt0048579,romantic
tt0048991,
tt0385705,
tt0031022,murder
tt0375562,murder
tt0074829,"murder, flashback"
tt2369135,comedy
tt0026029,murder
tt0082084,murder
tt0140447,romantic
tt0079871,
tt0054698,romantic
tt2024432,comedy
tt1121096,fantasy
tt0055254,
tt0985694,"murder, comedy"
tt1646973,
tt0375912,comedy
tt0082527,"murder, comedy"
tt0107290,
tt0120863,
tt0057809,
tt0051003,
tt0495212,murder
tt0815245,murder
tt1268809,
tt0818165,murder
tt0448134,flashback
tt0329575,
tt0246677,
tt0190281,
tt0114323,
tt0050530,murder
tt0271367,
tt0119654,"murder, comedy, flashback"
tt0070270,
tt0116253,murder
tt0009892,murder
tt0137685,
tt0034502,comedy
tt0109151,
tt0117753,"romantic, fantasy"
tt0780516,
tt0331468,murder
tt0097104,
tt0482463,romantic
tt5269208,
tt0029957,murder
tt0193524,"fantasy, flashback"
tt0043962,murder
tt3619772,murder
tt0103491,"murder, romantic"
tt0034731,
tt0059550,
tt0477139,
tt1196948,flashback
tt0049367,romantic
tt0041037,romantic
tt0060310,romantic
tt3450900,"romantic, flashback"
tt0101700,murder
tt1319733,"romantic, comedy"
tt0289401,murder
tt0024675,romantic
tt0489281,
tt0142238,
tt0025452,murder
tt0264410,fantasy
tt0217086,
tt0390984,"murder, comedy, flashback"
tt0087482,"romantic, flashback"
tt2255934,romantic
tt0212910,romantic
tt0061856,
tt0089015,romantic
tt0051725,romantic
tt0379370,murder
tt1453159,"murder, romantic"
tt2658544,"murder, romantic, flashback"
tt0126916,"romantic, flashback"
tt0060325,murder
tt0304415,romantic
tt1068641,romantic
tt1092633,"romantic, comedy"
tt0065790,murder
tt0240641,"murder, romantic"
tt0050704,"murder, romantic"
tt6154790,murder
tt0038333,comedy
tt0089118,"murder, comedy"
tt0221606,fantasy
tt0215338,romantic
tt0094918,murder
tt1725156,fantasy
tt0057495,murder
tt2379308,murder
tt0040190,
tt0151511,romantic
tt0034711,murder
tt0109579,
tt1839492,romantic
tt0061389,
tt0115033,murder
tt0052080,murder
tt0044744,romantic
tt0031033,
tt0335013,murder
tt0033952,
tt0120757,murder
tt0116324,
tt0076507,"murder, romantic"
tt0045315,
tt0327919,flashback
tt0033432,
tt0762138,comedy
tt0119190,fantasy
tt0406468,
tt0084058,"romantic, flashback"
tt0106864,murder
tt5912614,
tt1720182,romantic
tt0027381,
tt0103417,murder
tt0365190,
tt0056579,
tt0338450,murder
tt3142764,"murder, romantic"
tt0405022,romantic
tt0420291,
tt0091604,murder
tt0337579,romantic
tt0089893,fantasy
tt0103584,flashback
tt0344933,romantic
tt0035753,
tt0271259,comedy
tt0035936,murder
tt1976000,murder
tt0050867,fantasy
tt0118664,
tt0095299,murder
tt0346383,romantic
tt0039607,
tt1199781,fantasy
tt0214468,
tt0443331,romantic
tt0411805,comedy
tt3346410,romantic
tt0252028,romantic
tt0461062,"romantic, comedy"
tt0287717,
tt0110222,romantic
tt0109190,
tt0107009,murder
tt0066758,romantic
tt0420981,comedy
tt0051340,"murder, romantic"
tt0043397,"murder, romantic"
tt0282100,
tt0006995,murder
tt0181316,"murder, comedy"
tt0955346,romantic
tt0826559,murder
tt0115986,murder
tt1355627,
tt0131857,
tt1837709,"romantic, fantasy"
tt0064816,flashback
tt0043079,
tt0023921,murder
tt0096310,murder
tt0107387,"murder, fantasy"
tt0088196,murder
tt0411475,murder
tt1584016,romantic
tt0047136,flashback
tt0049792,comedy
tt0025536,romantic
tt0106076,
tt0118661,
tt0227173,comedy
tt0032145,romantic
tt0075612,romantic
tt0085859,
tt0192578,"romantic, fantasy"
tt0107315,murder
tt0775488,murder
tt0036999,murder
tt0088242,"murder, romantic"
tt0082162,romantic
tt1621994,
tt0050567,
tt1799527,
tt0110882,"murder, romantic"
tt0080377,
tt0039463,romantic
tt1156444,murder
tt3461828,
tt0810788,murder
tt0044072,
tt0118149,"murder, romantic"
tt0151582,murder
tt0039973,murder
tt0114317,murder
tt1225703,romantic
tt0405469,
tt0294264,"murder, romantic"
tt0070016,romantic
tt1032838,
tt1086431,flashback
tt0055277,romantic
tt0052811,murder
tt0021149,
tt0406310,murder
tt0462346,comedy
tt1680138,
tt0031742,
tt0970411,
tt0074746,"murder, flashback"
tt0024914,romantic
tt0845527,"murder, romantic"
tt0325448,murder
tt0314412,romantic
tt0043411,romantic
tt0215604,"romantic, fantasy, flashback"
tt3168230,"romantic, flashback"
tt0217019,murder
tt0080379,"murder, flashback"
tt4359236,
tt0060278,
tt0821800,
tt0475969,romantic
tt0222270,
tt4400038,"romantic, flashback"
tt1118804,romantic
tt0190520,
tt0801425,murder
tt1340107,
tt0070334,murder
tt2582426,
tt0088805,
tt0307734,"murder, romantic"
tt0925266,"murder, romantic"
tt0300902,murder
tt0154789,fantasy
tt0164393,fantasy
tt0390614,romantic
tt0375920,romantic
tt0272412,"romantic, comedy"
tt3322420,romantic
tt2123146,
tt0212815,romantic
tt0340842,"romantic, flashback"
tt0049682,romantic
tt0263728,murder
tt0032644,romantic
tt0366174,
tt0131646,
tt0314676,murder
tt0841925,romantic
tt2802154,
tt0093172,
tt0119339,
tt0117359,romantic
tt0973423,
tt5724316,murder
tt1125254,
tt3674140,romantic
tt0094154,"murder, flashback"
tt0034473,
tt0042569,
tt0165078,
tt1202203,
tt0085513,murder
tt0045669,
tt0337636,murder
tt1314177,
tt0082804,murder
tt0991346,romantic
tt1274296,romantic
tt0027707,
tt2304573,romantic
tt0101524,romantic
tt0283754,
tt1712159,murder
tt0341266,murder
tt0045329,murder
tt0074256,comedy
tt0212380,flashback
tt0108500,"romantic, fantasy"
tt0049283,
tt0255873,fantasy
tt0048729,
tt0059787,murder
tt0097115,romantic
tt0130236,murder
tt0029983,romantic
tt0100477,
tt0035521,romantic
tt0245171,
tt1757901,
tt0036653,"murder, romantic, fantasy"
tt0268380,
tt0129884,romantic
tt0107004,
tt0041827,
tt0423746,fantasy
tt0400234,
tt1216516,fantasy
tt1319743,murder
tt0247477,"murder, fantasy"
tt0045709,
tt0465375,romantic
tt5096400,romantic
tt0055832,
tt0094138,comedy
tt0770806,murder
tt0216794,
tt0385567,romantic
tt2495104,"romantic, flashback"
tt0084616,romantic
tt0105197,romantic
tt0014429,romantic
tt0100589,
tt0035794,
tt0367089,romantic
tt0063048,romantic
tt0060911,"murder, romantic"
tt1680114,murder
tt0033409,"murder, romantic"
tt0142235,
tt1322333,"murder, flashback"
tt0032412,murder
tt0097700,murder
tt1630626,"romantic, comedy"
tt0075922,"murder, comedy"
tt0048791,romantic
tt0031721,murder
tt0071803,romantic
tt0160236,
tt0113617,flashback
tt0080480,murder
tt0105793,
tt0814795,murder
tt0047123,"romantic, comedy"
tt0051739,romantic
tt1937137,murder
tt0044095,
tt0062636,
tt0038279,
tt0212712,romantic
tt0037094,romantic
tt0025782,"murder, flashback"
tt0030678,
tt0374692,
tt4499094,
tt0062565,romantic
tt0027040,murder
tt2409762,
tt0120687,romantic
tt3569782,
tt0042053,flashback
tt0251576,fantasy
tt1740721,
tt0142032,flashback
tt0019505,"romantic, fantasy"
tt0866437,romantic
tt0494864,murder
tt0038377,murder
tt0074503,romantic
tt0102614,murder
tt0309987,romantic
tt0419468,romantic
tt0260866,murder
tt0327247,"murder, comedy"
tt1047856,"romantic, fantasy"
tt0112537,romantic
tt1244387,"murder, flashback"
tt0099141,"murder, comedy"
tt0118032,
tt0070673,murder
tt0432325,murder
tt0106573,"murder, romantic, comedy"
tt0094349,"romantic, fantasy"
tt0120602,"murder, romantic, flashback"
tt0051077,romantic
tt0819755,murder
tt0283644,
tt0080374,romantic
tt0246981,romantic
tt0081159,comedy
tt1242773,murder
tt2334649,murder
tt1708135,
tt0108570,flashback
tt2364616,romantic
tt0247091,
tt0099385,murder
tt0360323,
tt0082979,romantic
tt2771800,murder
tt0104507,"murder, romantic"
tt0075984,murder
tt0096487,murder
tt1790869,murder
tt1365598,
tt2309961,murder
tt0116129,murder
tt4129870,comedy
tt0049115,
tt0023305,"murder, romantic"
tt0071866,
tt2204379,murder
tt0120868,
tt0364961,murder
tt4025514,murder
tt1077248,murder
tt0424279,romantic
tt0449851,romantic
tt0028333,"romantic, comedy"
tt0096189,romantic
tt0043118,romantic
tt0064782,romantic
tt2490326,
tt2404353,murder
tt0106215,"murder, comedy"
tt0086381,
tt2836166,comedy
tt0042512,
tt0049041,murder
tt0995829,
tt0092493,murder
tt5583512,romantic
tt1280822,romantic
tt0215135,"murder, comedy"
tt0403237,romantic
tt1645131,"murder, romantic"
tt0238971,
tt0055633,murder
tt0243736,romantic
tt0805566,
tt0483789,murder
tt0037763,comedy
tt0293437,romantic
tt1124060,comedy
tt0103157,
tt0118892,romantic
tt2544734,
tt0277689,flashback
tt1360767,"murder, comedy, flashback"
tt0208101,romantic
tt0221322,romantic
tt0070653,murder
tt0081613,"romantic, fantasy"
tt5091548,
tt0060586,romantic
tt0083789,
tt0102844,romantic
tt0043276,murder
tt2709784,romantic
tt0045039,romantic
tt0116250,romantic
tt0110725,murder
tt0040779,murder
tt0423370,
tt0037611,romantic
tt0083941,murder
tt0118111,romantic
tt0073470,murder
tt0813540,
tt0439815,murder
tt0148103,romantic
tt0030033,comedy
tt0881200,flashback
tt0039312,romantic
tt0052680,romantic
tt0050189,murder
tt0091862,
tt2293750,comedy
tt0389910,"romantic, flashback"
tt0076745,
tt0013140,romantic
tt0093999,"romantic, fantasy"
tt0963208,
tt0085894,"murder, flashback"
tt0077523,
tt0120587,
tt0073906,
tt0115885,murder
tt1520841,fantasy
tt0119137,comedy
tt0115907,murder
tt0014759,
tt1295071,murder
tt1664841,
tt1272878,"murder, comedy"
tt0034399,"murder, romantic"
tt0786915,
tt4237402,
tt0271668,"murder, comedy"
tt0084070,"murder, comedy"
tt0109771,"romantic, flashback"
tt0120514,romantic
tt0047119,
tt6386436,romantic
tt0070112,romantic
tt0093741,
tt1731141,
tt1156454,flashback
tt0140784,romantic
tt1561755,
tt0472062,
tt3142428,"murder, comedy"
tt0049263,"romantic, comedy"
tt0151156,romantic
tt0079781,romantic
tt0119572,romantic
tt0107731,fantasy
tt0815168,murder
tt0142192,murder
tt0222851,
tt3813310,"comedy, flashback"
tt4026562,murder
tt0057578,romantic
tt0059549,murder
tt0046440,fantasy
tt1185616,
tt0116722,romantic
tt5932972,murder
tt0085672,fantasy
tt0097824,murder
tt0331256,murder
tt0142234,
tt0026199,murder
tt0337881,
tt0032651,murder
tt0028510,
tt0437863,
tt0286975,murder
tt0925245,
tt0200669,romantic
tt1121794,
tt0065520,murder
tt0157503,
tt4939950,murder
tt1105747,romantic
tt0053619,romantic
tt0049358,fantasy
tt0365885,romantic
tt0101326,murder
tt0110027,
tt0038453,murder
tt3165612,romantic
tt1995341,
tt0072777,romantic
tt0113552,murder
tt0000709,
tt0119215,comedy
tt0103243,romantic
tt0028696,
tt0013496,murder
tt2793490,
tt0091256,romantic
tt0109255,romantic
tt0090015,
tt0243759,
tt0103805,murder
tt0105869,
tt0098117,
tt0076365,murder
tt6400608,
tt0069628,murder
tt0102164,murder
tt0132907,
tt0116311,
tt0113451,murder
tt0097444,
tt1710626,
tt0435479,romantic
tt0268094,
tt0292490,romantic
tt0146309,
tt2429074,romantic
tt1169809,murder
tt0116782,romantic
tt0094995,
tt0116931,romantic
tt0250310,"murder, comedy"
tt0096252,"murder, romantic"
tt2345613,
tt0082173,murder
tt0489853,murder
tt0356476,murder
tt0097423,
tt0078718,murder
tt1020937,"murder, romantic"
tt0110657,
tt4834206,fantasy
tt5493706,
tt0031359,murder
tt0150662,romantic
tt0074777,"murder, flashback"
tt2044801,murder
tt0088500,
tt0077945,
tt0055719,
tt0052918,"romantic, flashback"
tt0042646,murder
tt0032034,
tt0071437,
tt0093260,
tt0039410,
tt0000634,romantic
tt1430615,
tt0109865,murder
tt0123948,murder
tt0497915,murder
tt2353017,"romantic, flashback"
tt0065911,romantic
tt0082027,"murder, fantasy"
tt1129441,murder
tt0297012,
tt0164085,
tt0097027,murder
tt0107060,romantic
tt0099371,
tt0038387,murder
tt2236160,
tt1381418,
tt0421482,fantasy
tt0395119,romantic
tt0222812,murder
tt0273822,
tt0460811,fantasy
tt0012190,romantic
tt0094663,romantic
tt2483260,fantasy
tt0043479,
tt0049408,"romantic, fantasy"
tt0075824,romantic
tt0385004,
tt2243537,
tt1601475,flashback
tt1242516,
tt0256692,romantic
tt0108311,murder
tt0152930,
tt0460902,"murder, comedy"
tt0091251,murder
tt0026418,"murder, romantic"
tt0107863,murder
tt0034269,
tt0326983,murder
tt0415306,comedy
tt0040647,murder
tt0156887,murder
tt0108895,murder
tt0243220,romantic
tt0109552,murder
tt0101437,romantic
tt0036334,
tt0057891,
tt1562871,murder
tt0069732,murder
tt0077294,
tt0031110,murder
tt0390733,flashback
tt0036452,
tt0075223,murder
tt0067916,
tt0080443,murder
tt0113596,
tt0102258,romantic
tt0028708,murder
tt3327624,
tt1208716,murder
tt0031842,murder
tt0012752,
tt0122355,fantasy
tt0024115,
tt0768120,"romantic, flashback"
tt1740299,murder
tt0182996,murder
tt1829012,murder
tt0092723,fantasy
tt0089886,
tt0063568,murder
tt0060897,
tt0086200,romantic
tt0051516,"romantic, flashback"
tt0155350,murder
tt0069834,
tt0286947,comedy
tt0306685,
tt1629377,murder
tt0169880,
tt0448114,
tt0066578,murder
tt0172684,"romantic, flashback"
tt3321300,"murder, flashback"
tt0339953,romantic
tt0077711,romantic
tt0069417,murder
tt0114108,fantasy
tt0117592,murder
tt0058007,
tt0019976,murder
tt0206275,romantic
tt1101026,
tt0062713,
tt0113843,
tt0039631,"murder, romantic"
tt2381991,fantasy
tt0123127,murder
tt0114036,murder
tt0055783,
tt0091875,"murder, comedy"
tt2628232,
tt0082222,
tt0229907,
tt0068719,murder
tt0310778,
tt0094337,fantasy
tt0046771,fantasy
tt1285309,romantic
tt0067243,
tt0037168,murder
tt1692489,"murder, flashback"
tt0054674,
tt1513070,flashback
tt0095924,
tt0084296,
tt0054460,murder
tt0053985,"murder, romantic"
tt0372122,romantic
tt0110667,murder
tt0103843,"murder, flashback"
tt0032283,
tt0282628,romantic
tt0099277,murder
tt1100051,murder
tt0048158,murder
tt0940530,fantasy
tt0204700,murder
tt0062513,romantic
tt0325761,romantic
tt0155197,"romantic, comedy"
tt2378000,
tt0094621,"murder, romantic"
tt0435696,
tt0275067,
tt1407084,murder
tt3949950,murder
tt0402716,
tt0111835,
tt0325968,
tt0124229,
tt0809435,"fantasy, flashback"
tt1245104,"comedy, fantasy"
tt1431191,
tt0119873,murder
tt1308729,murder
tt0130216,
tt0421045,romantic
tt0470055,
tt0037059,romantic
tt0424823,murder
tt0034928,
tt1666642,romantic
tt0106179,murder
tt0047361,
tt1295068,romantic
tt0108234,murder
tt2503154,murder
tt1780798,murder
tt0164108,"romantic, comedy"
tt0028108,
tt0109068,comedy
tt0291140,
tt0280760,romantic
tt2842418,"murder, flashback"
tt0106309,murder
tt0111093,comedy
tt0070795,
tt0038586,
tt0120550,romantic
tt0024631,murder
tt0103186,"romantic, flashback"
tt0962711,murder
tt3171832,
tt1270296,"murder, comedy"
tt0097966,
tt0482546,romantic
tt0158714,murder
tt2235542,
tt4641828,
tt0056751,murder
tt0088807,
tt0044850,
tt0146315,
tt0032312,
tt0025004,murder
tt0081476,murder
tt0107661,
tt0075939,romantic
tt0831884,
tt0226847,romantic
tt0313911,
tt3840534,romantic
tt1683970,
tt0374312,murder
tt0069890,
tt0033396,romantic
tt0043289,romantic
tt2074458,
tt0079638,romantic
tt0179183,
tt0064175,murder
tt0123034,"murder, comedy"
tt0308129,romantic
tt1679332,
tt1508661,"murder, comedy"
tt1562859,romantic
tt0492714,
tt0109779,murder
tt0025031,romantic
tt0208650,
tt0492389,
tt0109798,
tt0037549,murder
tt0349889,
tt0095368,
tt2580382,murder
tt0073537,murder
tt0074515,
tt0828462,"romantic, flashback"
tt2082197,"murder, romantic"
tt0114306,fantasy
tt0289635,"murder, romantic, flashback"
tt0441263,romantic
tt0097166,murder
tt0034922,murder
tt0090130,
tt1388782,"murder, romantic"
tt0107319,murder
tt0107626,romantic
tt0189592,romantic
tt2431286,romantic
tt0280969,murder
tt1043876,"murder, flashback"
tt0433577,
tt0811066,murder
tt0078914,
tt0086022,romantic
tt0058622,murder
tt0052302,romantic
tt0105643,
tt1217070,romantic
tt0039676,murder
tt2039345,
tt0117261,romantic
tt0429032,
tt0076451,romantic
tt2023453,
tt0097008,murder
tt0124718,romantic
tt0472259,"murder, romantic"
tt5697728,romantic
tt1376706,
tt0063742,
tt0035009,
tt0084100,"murder, romantic"
tt1541149,romantic
tt0056541,romantic
tt0111309,romantic
tt4986278,romantic
tt0042256,
tt0466342,"romantic, comedy"
tt0342172,
tt0073115,romantic
tt0450208,romantic
tt1592154,"murder, flashback"
tt0080130,murder
tt0099160,murder
tt1050739,romantic
tt0113026,romantic
tt0250323,murder
tt0090366,
tt0114437,comedy
tt1792799,murder
tt0049474,"romantic, flashback"
tt2075357,"romantic, flashback"
tt1887763,murder
tt0030019,
tt0269401,murder
tt1191138,romantic
tt1424797,"romantic, fantasy, flashback"
tt1034305,flashback
tt0113677,"romantic, comedy"
tt1037218,romantic
tt0097523,
tt0042475,comedy
tt0346723,romantic
tt0069404,
tt0082801,flashback
tt0084589,romantic
tt3835080,murder
tt0118747,
tt0061405,
tt1942831,murder
tt0361620,romantic
tt0218000,romantic
tt0106709,romantic
tt0099797,
tt0120772,romantic
tt0098321,
tt0379725,"murder, romantic"
tt0014826,romantic
tt0347546,murder
tt0064193,murder
tt0024958,murder
tt0047677,
tt0043041,
tt0219453,
tt1673423,
tt0070689,romantic
tt0046942,
tt0076770,murder
tt1565058,
tt0091575,murder
tt0029064,romantic
tt0222517,
tt0046903,romantic
tt0033577,"murder, comedy"
tt0054494,romantic
tt0090506,
tt0101821,
tt0110098,comedy
tt0106266,
tt2070776,romantic
tt0923752,
tt1548850,romantic
tt0159931,"murder, romantic, fantasy"
tt1139644,murder
tt1695367,
tt0105046,
tt0218378,romantic
tt1116184,
tt0061680,
tt0220218,murder
tt1710396,romantic
tt0065478,
tt0034204,
tt0145400,murder
tt0074193,"romantic, fantasy"
tt0371878,romantic
tt0062138,murder
tt0093223,"murder, comedy"
tt0376390,
tt0020673,romantic
tt0031470,romantic
tt0023194,
tt0213536,fantasy
tt0086964,
tt0021635,romantic
tt0092618,romantic
tt0040355,murder
tt1185266,murder
tt2362760,romantic
tt5013056,
tt0115163,
tt0112443,murder
tt0099657,
tt0762104,comedy
tt0113799,murder
tt0244353,"romantic, fantasy"
tt0100280,
tt0094142,murder
tt0090888,romantic
tt0120609,comedy
tt0416041,murder
tt0085267,
tt0029870,murder
tt0142392,
tt2268419,murder
tt0037929,comedy
tt0059496,romantic
tt0447854,"romantic, fantasy"
tt0468862,
tt0090196,
tt0099902,romantic
tt0976216,
tt0076594,"murder, flashback"
tt1669664,romantic
tt0031406,murder
tt0382602,
tt0473584,
tt0034203,romantic
tt0348333,romantic
tt1709143,
tt0077531,murder
tt2178508,romantic
tt2215779,fantasy
tt4831420,flashback
tt0088300,murder
tt0093175,romantic
tt0021486,
tt0405034,fantasy
tt1263679,"murder, romantic"
tt2722728,
tt2375779,murder
tt2965466,murder
tt0082346,
tt0117039,
tt0142239,
tt0081147,romantic
tt0309912,romantic
tt0053902,
tt0026921,murder
tt0067601,murder
tt0091647,murder
tt0346293,
tt0050481,flashback
tt0100133,
tt1442449,romantic
tt0035979,murder
tt0087903,
tt0080741,"murder, flashback"
tt0858492,murder
tt0038233,
tt0019823,romantic
tt0324865,"romantic, comedy"
tt0029284,romantic
tt0471571,murder
tt0099039,murder
tt0222545,murder
tt0274659,fantasy
tt0052713,"murder, flashback"
tt0114533,
tt0060218,
tt0186804,murder
tt1826691,comedy
tt0029656,"murder, romantic"
tt0092655,"murder, comedy, flashback"
tt0108171,murder
tt1305562,
tt0041809,
tt0222020,
tt0449951,"murder, romantic"
tt0108174,"murder, romantic"
tt0490086,
tt0273923,romantic
tt0287262,romantic
tt0072284,murder
tt0268397,
tt0118957,romantic
tt0115140,murder
tt0156934,romantic
tt0106455,"murder, comedy"
tt0028181,murder
tt0075675,murder
tt0038152,comedy
tt0054428,murder
tt0313021,murder
tt1014763,murder
tt0128801,
tt1925435,
tt0090500,
tt0806027,
tt0297721,romantic
tt1059925,romantic
tt1945044,murder
tt0058331,romantic
tt0130121,"murder, comedy"
tt0112611,romantic
tt0085370,romantic
tt0441324,
tt0089500,romantic
tt0356302,
tt0157016,"murder, romantic"
tt0325733,romantic
tt0109045,romantic
tt2241047,romantic
tt1854513,"romantic, fantasy"
tt0045003,murder
tt0282396,comedy
tt0108909,murder
tt0089243,
tt1161646,murder
tt0280671,romantic
tt0024368,murder
tt3704538,murder
tt1078931,murder
tt1276419,"murder, romantic"
tt1202222,
tt0053341,
tt1975159,
tt0384222,
tt0089312,romantic
tt0116401,
tt0060661,
tt0267563,
tt2275656,fantasy
tt0293815,comedy
tt2486678,"romantic, flashback"
tt3703908,murder
tt0054416,murder
tt0762114,romantic
tt1017442,
tt0450982,fantasy
tt0089922,murder
tt4698684,flashback
tt0096543,fantasy
tt0040543,murder
tt0168462,romantic
tt0281919,murder
tt1716753,
tt0048613,romantic
tt0055913,"murder, romantic"
tt0035567,romantic
tt0035078,"romantic, fantasy"
tt0191915,murder
tt0106233,murder
tt0008119,murder
tt0070833,
tt0051136,murder
tt0160127,"murder, comedy"
tt0291833,murder
tt0056556,romantic
tt0405061,romantic
tt0098188,murder
tt0045653,
tt0054230,romantic
tt1242530,romantic
tt0036926,romantic
tt1322987,
tt0051658,"romantic, fantasy"
tt0046451,comedy
tt0092637,romantic
tt0046387,romantic
tt0039093,
tt0114148,"romantic, fantasy"
tt1830786,"comedy, flashback"
tt0103435,
tt0037595,"romantic, flashback"
tt0057298,
tt0024852,
tt0035738,romantic
tt0047001,
tt1686782,"romantic, flashback"
tt0319622,murder
tt2006040,murder
tt3581478,"romantic, fantasy"
tt0057729,
tt0038097,
tt0091091,
tt0101692,romantic
tt0032624,romantic
tt0074562,romantic
tt0076327,romantic
tt0065936,romantic
tt0052027,
tt1045673,"romantic, flashback"
tt0098678,romantic
tt0044333,
tt0048124,"romantic, fantasy"
tt0111190,murder
tt0117107,"murder, flashback"
tt0426064,murder
tt0112346,romantic
tt0100469,
tt0363510,murder
tt0047977,
tt0215900,romantic
tt0091428,murder
tt0042206,"murder, comedy"
tt0280477,"murder, romantic"
tt0047189,
tt0047469,romantic
tt0064704,"murder, flashback"
tt0046095,
tt0058100,
tt0120461,
tt0309698,murder
tt0281190,murder
tt0217521,"murder, flashback"
tt0173102,romantic
tt0036656,murder
tt0061075,murder
tt0057334,murder
tt0087835,
tt1142798,romantic
tt0242998,murder
tt2231554,murder
tt0435988,romantic
tt0109758,murder
tt0139769,
tt0133930,
tt1890559,romantic
tt0069554,
tt2283748,
tt0046564,"romantic, flashback"
tt0090410,murder
tt2971572,
tt0076554,flashback
tt1977764,
tt0030442,romantic
tt5662932,murder
tt0060268,
tt0218127,
tt0061199,comedy
tt0382067,
tt0874917,
tt0046303,murder
tt0078879,"murder, flashback"
tt1049400,murder
tt0114726,"murder, romantic"
tt0031235,murder
tt0107222,murder
tt0025747,
tt0068341,murder
tt0290572,
tt0450392,murder
tt2385021,
tt0033660,flashback
tt0308955,
tt0080801,
tt0250687,comedy
tt0069007,"murder, romantic"
tt0380096,romantic
tt3829170,fantasy
tt0054357,romantic
tt0310419,romantic
tt0093877,romantic
tt0098825,murder
tt0125980,
tt0036625,
tt0101458,
tt0164974,murder
tt0073834,
tt0109206,murder
tt1563725,comedy
tt0080915,
tt1694020,romantic
tt0082370,
tt0048445,romantic
tt2112210,romantic
tt0110438,"murder, romantic"
tt0099652,"murder, romantic"
tt0036202,murder
tt0019130,romantic
tt0800095,"murder, flashback"
tt0103125,romantic
tt0102761,murder
tt0059635,flashback
tt0083107,murder
tt0267657,
tt0105391,murder
tt0375878,"murder, flashback"
tt0119008,murder
tt0210065,murder
tt0037630,romantic
tt0790590,murder
tt0364867,romantic
tt0098253,murder
tt0324554,"romantic, flashback"
tt0441522,
tt0056965,
tt0020828,romantic
tt0218080,
tt0067770,murder
tt0016013,romantic
tt1485071,
tt0098994,
tt0102825,romantic
tt2181931,romantic
tt1172570,
tt0093227,murder
tt1411664,romantic
tt2240312,murder
tt0140340,romantic
tt2882590,romantic
tt0412308,"murder, romantic"
tt1228931,romantic
tt0044060,romantic
tt4058368,romantic
tt0207487,fantasy
tt0073418,murder
tt0022335,murder
tt0323332,"romantic, flashback"
tt0049126,
tt0113044,romantic
tt0117808,
tt0200720,"romantic, flashback"
tt0433722,
tt0480273,murder
tt0349333,"murder, flashback"
tt0313737,romantic
tt0490527,murder
tt0284929,murder
tt5477608,murder
tt0053925,
tt0118655,
tt0199481,
tt0105530,
tt0345543,fantasy
tt0014646,murder
tt0369441,
tt0048356,"romantic, fantasy"
tt0364986,murder
tt0795505,
tt0064638,"murder, flashback"
tt0035334,murder
tt4716444,"murder, flashback"
tt0117965,
tt0208155,
tt0031086,comedy
tt0208185,
tt0113416,"romantic, comedy"
tt0051776,
tt0036707,murder
tt1054485,
tt0127710,
tt0039947,"murder, romantic"
tt0119250,"murder, romantic"
tt0113419,
tt0092690,flashback
tt3391032,murder
tt0064443,murder
tt0062403,
tt0064793,romantic
tt0181196,
tt0057181,murder
tt1148200,murder
tt5569560,"romantic, fantasy"
tt0083505,
tt1612782,flashback
tt0092654,murder
tt0820466,
tt0079147,
tt0035706,murder
tt0216605,romantic
tt1053810,
tt3118958,"murder, flashback"
tt1649337,romantic
tt0119256,comedy
tt0058085,flashback
tt0025898,romantic
tt0036112,"romantic, flashback"
tt0058343,romantic
tt0952640,
tt0044331,murder
tt0100050,comedy
tt0970452,
tt0090812,romantic
tt0481113,
tt1504403,"murder, flashback"
tt0302625,fantasy
tt2212008,"murder, comedy"
tt0055781,"romantic, fantasy"
tt0043849,
tt0424001,flashback
tt0056801,romantic
tt0058606,murder
tt0161100,"romantic, comedy"
tt0041181,murder
tt0109650,murder
tt0078243,
tt0353794,
tt0028256,
tt0278259,murder
tt0106257,
tt0061237,"comedy, flashback"
tt5923962,
tt0044413,
tt0289424,flashback
tt0116817,
tt0036719,"murder, flashback"
tt0038120,
tt0362129,"romantic, comedy"
tt0272688,murder
tt0095993,
tt0028243,
tt0061648,"murder, romantic"
tt0103442,"fantasy, flashback"
tt2837336,
tt1024923,fantasy
tt0490114,murder
tt0107684,
tt0094059,
tt0068444,murder
tt0110139,"murder, romantic"
tt0314015,"fantasy, flashback"
tt0369903,
tt1484922,"romantic, fantasy"
tt0356408,fantasy
tt0074238,murder
tt0048593,murder
tt0102227,murder
tt0959329,murder
tt0187636,
tt0063404,romantic
tt0371739,murder
tt0362192,"murder, flashback"
tt4411504,murder
tt0301928,murder
tt0067458,
tt0041253,murder
tt0118708,murder
tt0415932,murder
tt0073373,
tt0082362,romantic
tt2360586,murder
tt0091015,"murder, flashback"
tt3179568,romantic
tt1705772,murder
tt0070928,
tt2162828,murder
tt0035238,romantic
tt0407658,
tt0356561,
tt1700467,"murder, romantic"
tt0095119,romantic
tt1322240,murder
tt0050872,murder
tt0424228,
tt0292610,murder
tt0418131,
tt0313918,
tt0010307,romantic
tt0036191,romantic
tt0063740,murder
tt0056121,murder
tt0274415,"romantic, comedy"
tt0757361,romantic
tt0068361,"murder, romantic"
tt0294662,murder
tt0061557,
tt1641841,murder
tt0268294,"romantic, fantasy"
tt0115710,
tt0330843,"romantic, flashback"
tt0243664,romantic
tt0102316,romantic
tt0104083,murder
tt0034187,
tt0049778,
tt0243558,"romantic, fantasy"
tt0093940,romantic
tt0059390,murder
tt1922748,
tt0069436,murder
tt1727587,fantasy
tt0056907,romantic
tt1714205,murder
tt0356999,romantic
tt0189072,
tt0107144,
tt0109321,
tt0453548,romantic
tt0099053,
tt0253658,
tt0213565,"romantic, flashback"
tt4864932,"murder, romantic"
tt0034514,romantic
tt0085891,"murder, romantic, flashback"
tt0060277,murder
tt0358135,romantic
tt0942904,murder
tt1421051,romantic
tt0268761,flashback
tt0165662,murder
tt0368008,
tt0209475,"romantic, flashback"
tt1429449,
tt1135961,murder
tt0101492,murder
tt0061429,murder
tt0114928,"murder, romantic"
tt1584917,"murder, romantic"
tt0160620,murder
tt0040515,
tt2101569,
tt0043678,
tt0490196,romantic
tt0076749,romantic
tt0037096,romantic
tt0443473,"murder, comedy"
tt1490030,murder
tt0102266,"murder, comedy"
tt0075561,
tt0050188,romantic
tt0070903,romantic
tt2294227,romantic
tt0340258,
tt0118956,
tt5286444,murder
tt0049949,
tt0037635,murder
tt0099043,"murder, romantic"
tt0054269,romantic
tt0144640,"romantic, comedy"
tt1691338,fantasy
tt0025748,
tt0051915,
tt0056138,romantic
tt0050468,murder
tt0359836,fantasy
tt0486028,murder
tt0092205,murder
tt1388371,
tt1174735,
tt2166214,romantic
tt0106335,murder
tt0035209,
tt3634858,
tt1584937,romantic
tt1107816,murder
tt0103786,
tt0088959,murder
tt0008652,romantic
tt0089695,
tt0407265,romantic
tt0124819,
tt0084637,
tt0432047,"murder, romantic"
tt0292081,murder
tt3304506,
tt0076798,flashback
tt0085426,
tt0787225,
tt0475298,"murder, flashback"
tt0066707,"romantic, fantasy"
tt0373183,murder
tt0111488,murder
tt1800246,romantic
tt0843335,romantic
tt0061882,murder
tt0091053,murder
tt0041625,
tt1833845,romantic
tt0097728,
tt0118604,
tt2057392,
tt1589998,fantasy
tt0062755,murder
tt0035553,romantic
tt0220832,romantic
tt0056448,murder
tt1019454,murder
tt0262208,murder
tt0088936,"murder, comedy"
tt0092297,murder
tt0067454,murder
tt0049012,
tt0242252,romantic
tt0033226,
tt1234654,"romantic, comedy"
tt0120949,
tt0038392,
tt0117057,romantic
tt0213689,"comedy, fantasy"
tt1267500,
tt0032728,
tt0119461,murder
tt0038813,romantic
tt0334405,murder
tt0028653,romantic
tt0250862,
tt0113074,
tt1800734,murder
tt0114666,murder
tt0102802,fantasy
tt0089881,murder
tt0098917,murder
tt0029695,murder
tt0306734,"murder, romantic"
tt0019071,fantasy
tt0340529,romantic
tt1219827,
tt0066471,"murder, flashback"
tt0023469,murder
tt0213338,murder
tt0064074,
tt0189047,"murder, flashback"
tt0110097,romantic
tt3534838,romantic
tt1523483,
tt0286179,romantic
tt0011588,romantic
tt0245046,"murder, romantic"
tt0424227,
tt0108592,romantic
tt1509803,"romantic, fantasy"
tt0353357,"murder, romantic"
tt2256858,
tt0477095,romantic
tt0204137,flashback
tt1097636,fantasy
tt0086355,"romantic, flashback"
tt0020484,comedy
tt0107057,murder
tt0165564,murder
tt0087071,murder
tt0042490,murder
tt0040869,"romantic, flashback"
tt3448656,murder
tt0090184,"romantic, flashback"
tt2255085,fantasy
tt0066563,
tt2309987,murder
tt0083567,romantic
tt0068068,"murder, romantic"
tt0117622,
tt0114694,"romantic, flashback"
tt0032155,murder
tt0074974,
tt0174330,romantic
tt1294788,
tt0121989,"murder, romantic"
tt0092115,fantasy
tt0001724,
tt0093278,romantic
tt0114690,romantic
tt0242445,"murder, comedy"
tt1758830,romantic
tt0056983,murder
tt0448172,murder
tt0021511,romantic
tt0264935,murder
tt1764666,fantasy
tt2320924,
tt0103030,"murder, romantic"
tt0066834,romantic
tt0043117,murder
tt0041310,
tt1431122,"murder, romantic"
tt0091990,murder
tt0248119,murder
tt0074801,
tt0284490,"murder, comedy"
tt2259122,romantic
tt0235376,
tt0997274,romantic
tt1319694,
tt0158011,comedy
tt2788716,"romantic, comedy"
tt2175947,
tt0088380,
tt0041373,
tt0279742,
tt0073620,"murder, comedy"
tt0988047,
tt0100263,"murder, flashback"
tt0039338,
tt0036506,"murder, romantic"
tt0342273,
tt0045251,romantic
tt0045578,romantic
tt0048563,romantic
tt0259822,murder
tt0085809,
tt0147926,
tt0274428,
tt0243155,romantic
tt0044446,romantic
tt0030744,romantic
tt0862846,romantic
tt2910508,murder
tt0026714,"romantic, fantasy"
tt0069421,murder
tt0038260,murder
tt0095652,
tt0031210,romantic
tt0431265,romantic
tt1809287,romantic
tt0064040,murder
tt0117496,
tt0496436,"murder, flashback"
tt0039428,
tt0173593,
tt0039637,
tt0038166,romantic
tt1371630,romantic
tt3384350,murder
tt2403201,romantic
tt0134033,murder
tt0078203,
tt0164538,romantic
tt0443465,romantic
tt0021331,
tt0108320,romantic
tt0253867,"romantic, comedy"
tt1126618,"romantic, comedy"
tt0120179,
tt0062708,murder
tt6583664,flashback
tt0279778,romantic
tt0033013,murder
tt0366444,
tt0231028,
tt0343996,"murder, romantic"
tt1606789,murder
tt0241073,
tt0038379,
tt0057715,
tt0234829,"romantic, comedy"
tt1266580,
tt0058101,
tt0022879,romantic
tt0084096,murder
tt0272045,
tt0924229,murder
tt1082577,murder
tt0136352,"murder, romantic"
tt2488366,murder
tt0323138,murder
tt0143296,murder
tt0362389,comedy
tt0172467,"romantic, fantasy"
tt0097243,
tt0097637,"murder, comedy"
tt2345561,"romantic, flashback"
tt0036824,murder
tt1020990,fantasy
tt1462900,"romantic, flashback"
tt0108265,romantic
tt0052303,
tt0113135,
tt1259520,romantic
tt0339135,murder
tt0105699,murder
tt4372390,
tt0038878,murder
tt0049857,murder
tt0106028,
tt0435669,"murder, romantic"
tt0401398,
tt1334537,romantic
tt0328316,romantic
tt0230055,romantic
tt0067535,murder
tt1560164,romantic
tt0041571,romantic
tt0105569,
tt0052631,romantic
tt0265713,"murder, comedy"
tt0191423,fantasy
tt1368116,flashback
tt0412022,
tt0376968,flashback
tt0082733,romantic
tt0170989,
tt0118966,murder
tt0417311,
tt0021413,romantic
tt0045161,murder
tt1161404,murder
tt1659175,
tt0042325,romantic
tt0110490,murder
tt2004432,murder
tt0066327,fantasy
tt0410162,
tt0092948,comedy
tt0117333,
tt0271604,romantic
tt0076409,romantic
tt0119501,"murder, romantic"
tt0080360,
tt0815178,"romantic, flashback"
tt0062618,"murder, comedy"
tt0120595,fantasy
tt1260995,
tt1346509,murder
tt0116448,comedy
tt0081376,murder
tt0063655,
tt0373051,flashback
tt0057811,
tt0067900,murder
tt2500352,romantic
tt0092225,"murder, comedy"
tt0064806,fantasy
tt0826817,
tt3727982,murder
tt0101988,murder
tt0228419,
tt0379865,romantic
tt0039447,murder
tt0243517,fantasy
tt2793930,romantic
tt0265591,romantic
tt0110395,murder
tt2448374,
tt0204526,
tt1867093,"murder, comedy"
tt1447500,"murder, romantic"
tt1242599,comedy
tt1233334,romantic
tt0061709,murder
tt3478962,romantic
tt0308956,murder
tt0025397,romantic
tt0829424,
tt0202434,murder
tt0058753,
tt0326143,
tt0460742,
tt0149568,"romantic, flashback"
tt1534085,flashback
tt2404738,
tt0062790,
tt0141880,fantasy
tt0043322,
tt0224637,"fantasy, flashback"
tt0054709,murder
tt0087980,romantic
tt2935476,"murder, romantic"
tt0059573,romantic
tt0094843,
tt1766175,"romantic, flashback"
tt0042464,
tt0070350,
tt0240628,romantic
tt0090683,
tt0118541,comedy
tt1196141,romantic
tt0119095,
tt0032475,
tt0082813,murder
tt0396857,murder
tt1251725,romantic
tt2477732,
tt0033774,murder
tt0068767,murder
tt0043307,"murder, romantic"
tt0044926,"romantic, flashback"
tt0037794,murder
tt0430779,
tt0118073,romantic
tt0115734,romantic
tt4791836,murder
tt0429589,
tt0114745,
tt0412922,romantic
tt0042960,murder
tt1539313,murder
tt0057328,
tt0104897,murder
tt0054248,"murder, romantic"
tt0103955,
tt0065492,murder
tt0189070,
tt0841963,fantasy
tt0451010,murder
tt0094894,murder
tt0064000,romantic
tt1912398,"murder, comedy, flashback"
tt0076911,
tt0050381,fantasy
tt0071800,"murder, flashback"
tt0117342,murder
tt1547230,comedy
tt0074390,murder
tt1545759,murder
tt0050407,murder
tt0111341,murder
tt0414055,"murder, romantic, flashback"
tt0044047,
tt0065528,murder
tt0101834,murder
tt0171725,
tt0048801,
tt0066879,
tt0038048,
tt0111800,"romantic, fantasy"
tt0454065,
tt1740710,romantic
tt0060588,
tt0080322,romantic
tt0359984,"romantic, flashback"
tt1464174,
tt1548669,
tt0034524,
tt0096152,
tt0312773,"murder, romantic"
tt0026725,"murder, romantic"
tt0045619,comedy
tt1282045,
tt0107798,murder
tt1456060,murder
tt0791205,murder
tt0088134,
tt0091680,romantic
tt0084408,murder
tt0309226,
tt0026273,murder
tt0104361,comedy
tt0093668,
tt0496634,romantic
tt0388365,"murder, fantasy"
tt0072355,
tt2387433,
tt0071960,"murder, comedy"
tt0143428,murder
tt1480656,murder
tt0344510,
tt0027532,romantic
tt0995718,romantic
tt0095687,romantic
tt0027336,murder
tt0029384,fantasy
tt0061005,murder
tt0132451,murder
tt0041663,"murder, romantic"
tt0091050,
tt0085176,romantic
tt0250494,romantic
tt6040510,murder
tt0183659,romantic
tt2325517,murder
tt0036680,
tt0106557,murder
tt0060424,comedy
tt0345312,murder
tt0245115,romantic
tt0069530,
tt0476958,murder
tt0338459,
tt0118652,murder
tt0036135,romantic
tt0417791,romantic
tt0040740,murder
tt0248135,romantic
tt0249567,fantasy
tt3074694,romantic
tt0436727,
tt0408253,murder
tt0112887,"murder, comedy"
tt1482967,
tt0257325,
tt0844794,romantic
tt0098022,murder
tt1446192,fantasy
tt0037175,romantic
tt0086886,
tt0097116,romantic
tt1229764,murder
tt0064573,romantic
tt0057714,
tt0119642,murder
tt0446037,
tt0244839,murder
tt0084684,murder
tt5312232,romantic
tt0091721,romantic
tt0962740,
tt0090735,comedy
tt0090521,murder
tt0042270,
tt0081060,romantic
tt1034314,
tt0097074,"murder, comedy"
tt0120906,"murder, romantic"
tt0059978,murder
tt0445995,fantasy
tt0058208,
tt3508984,murder
tt0100253,murder
tt0047647,
tt0099892,romantic
tt1473801,comedy
tt0042045,fantasy
tt0099187,murder
tt0125454,"romantic, flashback"
tt0116771,
tt0195002,murder
tt0458072,murder
tt0112536,
tt0023935,murder
tt1047832,
tt0094612,murder
tt0389790,
tt0046822,
tt0110216,
tt0159386,flashback
tt0106937,
tt0115886,romantic
tt0106842,
tt0252277,"murder, romantic"
tt0084967,"murder, flashback"
tt0089847,"murder, comedy"
tt0450336,
tt0093692,
tt1196939,romantic
tt0475247,
tt1727770,flashback
tt0043405,comedy
tt3089630,fantasy
tt0402606,romantic
tt0026174,
tt0107042,romantic
tt0114622,
tt0031499,"romantic, comedy"
tt0264262,"murder, fantasy"
tt0035825,
tt0026966,
tt0066448,murder
tt0076636,murder
tt0102728,murder
tt1764429,murder
tt0049904,murder
tt0110613,romantic
tt0350028,romantic
tt0038621,murder
tt0277412,murder
tt0101694,murder
tt0074857,murder
tt0065669,
tt4113114,
tt0260271,romantic
tt0149523,
tt0325322,murder
tt0120576,romantic
tt0120787,murder
tt0083885,murder
tt0119670,murder
tt0099312,murder
tt0356443,romantic
tt0064923,
tt0044849,murder
tt0097874,romantic
tt0071771,murder
tt0080707,murder
tt0112634,comedy
tt2258337,
tt0284655,murder
tt0451983,"murder, romantic"
tt0867591,romantic
tt0109399,
tt0111001,
tt0120770,
tt4445948,
tt2058107,
tt0329890,murder
tt0071093,"romantic, flashback"
tt0038988,"murder, romantic"
tt0029660,murder
tt0052560,romantic
tt0305000,romantic
tt0041511,murder
tt0399990,fantasy
tt0092026,"romantic, fantasy"
tt0390808,murder
tt0922366,"romantic, fantasy"
tt1221208,"murder, romantic"
tt0363589,"murder, comedy"
tt0085515,
tt0089393,"romantic, comedy"
tt2669336,murder
tt0096952,murder
tt0084866,"murder, romantic"
tt0312278,murder
tt0032245,murder
tt0038786,
tt0114887,romantic
tt0425326,romantic
tt0039591,romantic
tt0040607,fantasy
tt0040621,romantic
tt0385690,comedy
tt0433458,"murder, fantasy"
tt0433412,romantic
tt0140751,murder
tt0094888,murder
tt0052139,
tt0108147,romantic
tt1296077,murder
tt0115270,
tt3563156,"murder, romantic"
tt0110939,murder
tt0109117,romantic
tt1188982,murder
tt0051864,murder
tt1810861,murder
tt0850667,
tt0119630,comedy
tt0066612,
tt0111323,murder
tt0365478,comedy
tt0117768,murder
tt2316204,murder
tt0190703,
tt0053172,romantic
tt1609479,"romantic, comedy"
tt0476706,romantic
tt0402850,"murder, comedy"
tt0106469,murder
tt0105750,romantic
tt0073662,
tt1285241,
tt0072913,
tt0468988,
tt0307466,
tt0449089,"romantic, comedy"
tt0094293,
tt0808446,"murder, comedy"
tt3207304,murder
tt0021263,romantic
tt2103188,
tt1335975,fantasy
tt0077912,murder
tt0084821,romantic
tt1377575,
tt5241578,
tt0206921,romantic
tt2375574,
tt0067345,murder
tt0029588,romantic
tt0030865,romantic
tt0173840,flashback
tt0067893,
tt0077941,romantic
tt0032851,romantic
tt4163224,murder
tt0348894,romantic
tt0111003,
tt0014586,
tt0312700,
tt0067482,"murder, romantic"
tt0029593,murder
tt0020691,
tt5091014,murder
tt1532957,romantic
tt1142800,murder
tt1754264,
tt0087700,
tt0022103,romantic
tt0112365,romantic
tt1702443,romantic
tt0046791,
tt0323531,murder
tt0104299,murder
tt3560658,
tt0083946,flashback
tt0068294,"murder, romantic, fantasy"
tt0355479,fantasy
tt0077414,
tt0042916,flashback
tt0049020,"romantic, flashback"
tt0043379,
tt3096858,murder
tt0120661,
tt2158278,
tt0036307,
tt0100070,romantic
tt2408960,murder
tt1707392,"murder, flashback"
tt0419992,romantic
tt0074569,murder
tt0174856,"murder, romantic"
tt0037262,murder
tt2147365,
tt0088879,murder
tt0101627,
tt2102446,fantasy
tt0984159,romantic
tt0103596,comedy
tt2248068,
tt4399594,romantic
tt0381270,fantasy
tt0324699,murder
tt0071788,murder
tt0041727,
tt0360130,
tt0117705,
tt0086972,fantasy
tt0113089,flashback
tt0309820,romantic
tt0039554,murder
tt0018548,
tt0266915,murder
tt0031168,
tt0248661,
tt0043973,
tt1477855,romantic
tt0031971,"murder, flashback"
tt1821102,romantic
tt0066491,romantic
tt1483797,
tt0981224,murder
tt1041753,romantic
tt0348124,
tt0222054,
tt0053472,murder
tt0021225,romantic
tt0034716,murder
tt0051674,
tt0050467,
tt2272350,
tt0236157,romantic
tt0449074,
tt0404163,murder
tt1494639,fantasy
tt0041368,murder
tt0073349,"murder, romantic"
tt0061587,murder
tt0040880,
tt0057427,
tt1754394,murder
tt0118849,romantic
tt0421572,murder
tt0085886,romantic
tt0078252,
tt0247827,
tt0071258,romantic
tt0314166,
tt0094008,
tt0344854,
tt0385056,romantic
tt0042810,
tt1194238,murder
tt0062824,murder
tt0055798,murder
tt0058430,
tt0265997,
tt3043542,
tt1418712,
tt0061996,romantic
tt0347436,fantasy
tt0252501,romantic
tt0113896,"murder, romantic"
tt0192175,romantic
tt0092263,murder
tt5493944,"romantic, fantasy"
tt0096332,romantic
tt1407065,murder
tt2268617,fantasy
tt0301636,
tt0029543,
tt0075391,
tt1117666,"romantic, flashback"
tt0057840,
tt2119396,"murder, romantic"
tt0042573,
tt0067419,romantic
tt0175059,
tt1572306,murder
tt0118688,murder
tt0115438,murder
tt0086449,murder
tt0465997,romantic
tt0104981,murder
tt2543702,"murder, romantic"
tt0107423,romantic
tt0083261,murder
tt3688406,murder
tt0025529,murder
tt0185664,
tt0093229,murder
tt0367439,fantasy
tt0102593,murder
tt0039037,
tt1210801,murder
tt0038143,"romantic, fantasy"
tt0038917,"murder, romantic"
tt2224317,romantic
tt0092206,murder
tt1042910,
tt0038318,
tt0025373,murder
tt0268220,murder
tt0808244,romantic
tt1549571,romantic
tt0061619,murder
tt0061997,
tt0091214,romantic
tt5855760,murder
tt0054086,romantic
tt1847521,
tt1151359,murder
tt0109382,
tt1959438,
tt0124102,
tt0043959,
tt0062168,murder
tt0109959,
tt0044318,"murder, romantic"
tt0087027,"murder, romantic"
tt0106973,"romantic, fantasy"
tt1092082,
tt0432262,murder
tt0102059,flashback
tt0862703,murder
tt0144964,romantic
tt0377191,
tt0408828,
tt0051398,
tt0119937,
tt1243955,murder
tt0063759,romantic
tt0026758,"murder, romantic"
tt2070571,flashback
tt0374262,
tt0928188,
tt0890885,romantic
tt0259308,fantasy
tt0085276,murder
tt0032206,romantic
tt0158622,romantic
tt1753736,
tt0254871,
tt0053133,
tt0027977,flashback
tt0337898,"murder, flashback"
tt0064059,murder
tt0045902,murder
tt0034384,"murder, flashback"
tt1313113,
tt0065571,"murder, romantic, flashback"
tt0497323,murder
tt0120711,
tt0276195,murder
tt2849914,
tt1014801,murder
tt2205948,fantasy
tt0026056,romantic
tt1323607,murder
tt0312843,
tt1430144,
tt0035124,murder
tt0286244,
tt0064888,
tt1205535,romantic
tt0112691,
tt0452625,"romantic, flashback"
tt0324264,romantic
tt1183665,romantic
tt0081974,murder
tt1731767,
tt1309181,romantic
tt0877346,
tt0028021,romantic
tt0099834,
tt0027355,"murder, flashback"
tt0038873,romantic
tt0408985,romantic
tt1355640,
tt0042871,comedy
tt0031202,
tt0138074,fantasy
tt0147643,
tt0065795,
tt0110999,murder
tt0051369,murder
tt0058561,murder
tt0466766,"murder, comedy"
tt1542344,
tt0046874,romantic
tt0283242,"romantic, fantasy, flashback"
tt0100449,comedy
tt0118350,"murder, flashback"
tt0168473,
tt0842929,
tt0816401,comedy
tt0092593,romantic
tt0063237,murder
tt0837114,flashback
tt0182408,
tt0259733,murder
tt4215766,
tt0032671,romantic
tt0094033,
tt0039189,
tt0319285,
tt0247199,murder
tt0102757,murder
tt0044557,
tt0388556,murder
tt0074923,murder
tt0181199,"romantic, fantasy"
tt0113526,"murder, romantic, flashback"
tt0069457,murder
tt0054518,
tt0080846,"murder, fantasy"
tt0046533,
tt0024854,
tt0368969,murder
tt0036348,murder
tt0040416,"murder, romantic"
tt1245565,romantic
tt0032247,romantic
tt0289408,
tt0263725,romantic
tt0326208,murder
tt0460681,murder
tt0112735,murder
tt1622764,"murder, romantic"
tt0031147,murder
tt0475169,"murder, flashback"
tt1125860,romantic
tt0070444,murder
tt0038461,murder
tt1548635,
tt2401097,
tt0047203,"romantic, flashback"
tt0057295,
tt0762073,murder
tt0033724,romantic
tt0117723,
tt4337072,
tt0038937,"murder, flashback"
tt1314843,
tt0070518,"murder, flashback"
tt0252503,comedy
tt0116839,
tt1451763,
tt0095489,
tt0037765,
tt0090060,romantic
tt0196931,
tt0058003,romantic
tt0385017,"romantic, flashback"
tt1042979,romantic
tt0078865,romantic
tt0120769,
tt1458923,"murder, romantic"
tt0031678,murder
tt0285531,murder
tt0072960,murder
tt5237200,comedy
tt0460812,romantic
tt0116036,"romantic, comedy"
tt0036119,
tt0059651,
tt0087034,
tt0347534,murder
tt0030595,"comedy, fantasy"
tt0117995,"murder, romantic, flashback"
tt1296899,murder
tt0053444,comedy
tt0411270,"murder, romantic"
tt0073107,romantic
tt0484444,romantic
tt2233084,murder
tt0043306,"murder, romantic"
tt0110825,
tt0186264,
tt0301454,comedy
tt0896872,
tt0092172,murder
tt0099005,
tt0481522,flashback
tt0277327,murder
tt0035727,romantic
tt0025919,romantic
tt4009460,romantic
tt0098282,"murder, comedy"
tt0082378,murder
tt2322244,"murder, flashback"
tt0091963,murder
tt0120646,"romantic, flashback"
tt0096928,"romantic, flashback"
tt1415267,
tt0207275,fantasy
tt0281432,murder
tt0081534,romantic
tt0418004,romantic
tt0020556,
tt1473343,"romantic, fantasy"
tt0162650,murder
tt0230597,romantic
tt0084556,murder
tt0117002,murder
tt0050893,murder
tt0085037,romantic
tt0099363,murder
tt0046054,
tt0113670,romantic
tt0272152,murder
tt0045937,romantic
tt0106770,romantic
tt0252227,
tt0037865,"murder, romantic"
tt0435528,
tt0190524,
tt2424988,"murder, romantic"
tt0116950,murder
tt0326965,murder
tt2885788,murder
tt0036126,romantic
tt0270288,murder
tt0091495,murder
tt0397501,
tt0074559,
tt0419692,
tt0332375,romantic
tt0200095,
tt0196216,comedy
tt0021016,
tt0098909,
tt0364376,"murder, comedy"
tt0031298,"murder, flashback"
tt0301665,murder
tt0265632,fantasy
tt0499211,
tt0038458,murder
tt0086102,
tt0318283,romantic
tt1712185,romantic
tt1988235,
tt0039402,murder
tt2334841,murder
tt0056575,romantic
tt0071628,murder
tt0051196,romantic
tt0040178,romantic
tt0028767,"murder, romantic"
tt0385726,
tt0147773,
tt0117925,
tt0081760,
tt0831888,murder
tt0079833,"fantasy, flashback"
tt0787475,romantic
tt0036619,"murder, comedy"
tt0094602,murder
tt0057568,romantic
tt1972571,murder
tt0027746,romantic
tt0186045,murder
tt0073559,murder
tt0067500,murder
tt0083869,"murder, comedy, flashback"
tt0449086,"murder, flashback"
tt0028096,murder
tt0120393,"fantasy, flashback"
tt0239235,
tt0293731,flashback
tt0120841,murder
tt0037115,murder
tt0069792,murder
tt0076527,romantic
tt1490066,romantic
tt2071550,
tt0060200,
tt0052700,romantic
tt0488997,
tt1755606,romantic
tt0296574,murder
tt4045450,murder
tt1578882,murder
tt0030272,
tt0048233,murder
tt1256139,"murder, romantic"
tt0111194,romantic
tt0085412,flashback
tt0104181,romantic
tt1893195,romantic
tt0041719,"murder, romantic"
tt0072328,romantic
tt0046414,murder
tt0037197,
tt0080715,
tt0046348,
tt0089380,romantic
tt0111477,comedy
tt0356150,"romantic, flashback"
tt0017075,murder
tt0083872,murder
tt0341765,fantasy
tt1160317,
tt0116695,romantic
tt0352416,murder
tt0033804,romantic
tt2372678,romantic
tt0100139,
tt5340882,murder
tt0044860,romantic
tt0368930,"murder, comedy"
tt0200515,murder
tt0404756,
tt0080539,
tt0119783,murder
tt0041610,"murder, flashback"
tt0103594,fantasy
tt0089370,
tt0036027,
tt1836912,flashback
tt0116630,murder
tt0041327,
tt1252483,
tt0283534,murder
tt0060660,romantic
tt0141098,romantic
tt3877296,murder
tt0340401,
tt0299854,flashback
tt0978763,
tt0042482,murder
tt3139086,"murder, comedy"
tt0067204,
tt0361818,romantic
tt0074422,romantic
tt0203701,fantasy
tt0267626,flashback
tt0094764,flashback
tt0086231,romantic
tt0030548,romantic
tt0100530,
tt0256443,romantic
tt0107748,
tt0265029,romantic
tt0492456,
tt2884018,murder
tt0044627,
tt0202381,
tt0366780,fantasy
tt1606600,"murder, fantasy"
tt0833561,romantic
tt0021886,
tt0471862,"romantic, flashback"
tt0963965,
tt0053240,fantasy
tt0206330,
tt0423866,
tt1455811,"murder, romantic"
tt0054084,murder
tt0278102,romantic
tt0114279,murder
tt0072687,"romantic, flashback"
tt1990181,
tt0800268,"romantic, comedy, flashback"
tt0031245,
tt0074279,comedy
tt0048840,
tt0040119,murder
tt0076185,
tt0042782,murder
tt1639826,"romantic, fantasy, flashback"
tt0120775,flashback
tt0039581,"murder, romantic, flashback"
tt2821832,murder
tt0056671,romantic
tt0307639,
tt0953318,romantic
tt0092118,murder
tt0060782,
tt3155242,
tt0068394,murder
tt1899100,romantic
tt0090192,murder
tt0103936,romantic
tt0016847,murder
tt0115857,
tt0037928,
tt4304364,"murder, flashback"
tt0485956,
tt0371083,"murder, flashback"
tt0127569,fantasy
tt0048724,murder
tt0242888,romantic
tt0059711,romantic
tt0274761,fantasy
tt1266542,"romantic, comedy"
tt0254199,
tt0039170,murder
tt0483756,
tt0238112,"murder, romantic"
tt3430416,
tt0117608,
tt0082517,murder
tt2617456,fantasy
tt0167565,murder
tt0078077,murder
tt0035241,romantic
tt0040361,
tt2077886,romantic
tt0364955,"murder, romantic"
tt0040155,
tt0107473,comedy
tt0082272,murder
tt0118998,
tt0216787,romantic
tt0083591,
tt0140749,
tt0267363,"murder, romantic"
tt0757933,romantic
tt0081658,
tt0060125,
tt3138376,"murder, comedy"
tt0443450,comedy
tt0208874,
tt1129445,romantic
tt0112453,
tt0437407,romantic
tt0107007,
tt0019501,romantic
tt0112643,murder
tt0054437,murder
tt0420859,
tt3429694,flashback
tt0187178,
tt1056026,
tt2188807,flashback
tt0053453,murder
tt0068967,murder
tt0091828,romantic
tt0060665,romantic
tt0054337,fantasy
tt0390221,romantic
tt0043131,"murder, flashback"
tt0337721,
tt0163558,
tt0102746,"murder, romantic"
tt0405676,
tt0118475,murder
tt0111125,murder
tt0036940,romantic
tt0070497,murder
tt0040558,murder
tt0205000,"romantic, comedy, flashback"
tt0067961,
tt0044537,murder
tt0073328,
tt0368975,"romantic, comedy"
tt0083973,"murder, romantic"
tt0065168,
tt0076683,flashback
tt0378284,romantic
tt0102812,
tt0362506,
tt1171225,
tt0100475,
tt0038205,murder
tt0114938,"murder, comedy, flashback"
tt0422320,romantic
tt6391356,murder
tt0361670,romantic
tt0103690,romantic
tt0434685,
tt0101798,"murder, romantic"
tt1781896,fantasy
tt0165773,flashback
tt0037000,romantic
tt0348593,romantic
tt2643712,murder
tt0041954,"murder, flashback"
tt0056289,murder
tt0813715,romantic
tt0089276,murder
tt0084028,murder
tt1043903,"murder, comedy"
tt0082841,romantic
tt0058203,"murder, flashback"
tt0088794,romantic
tt3496892,romantic
tt0046463,romantic
tt2012665,
tt0091559,"romantic, flashback"
tt0187357,"romantic, comedy, flashback"
tt3564924,"murder, comedy"
tt0020836,
tt0081027,murder
tt0062865,murder
tt0069762,
tt0057890,murder
tt0066766,romantic
tt1664806,murder
tt0092710,murder
tt1946381,
tt0073615,murder
tt4600952,
tt0411272,murder
tt0498380,"murder, flashback"
tt0070726,
tt0036046,murder
tt2971690,
tt1529235,romantic
tt0056700,"romantic, fantasy"
tt0287670,
tt0067809,
tt0991164,romantic
tt2312718,comedy
tt0098575,romantic
tt0423661,romantic
tt0062985,romantic
tt0064754,romantic
tt0092147,murder
tt1396218,romantic
tt1502407,murder
tt0339840,
tt2586070,
tt4717798,fantasy
tt0083557,murder
tt0083271,
tt0016332,romantic
tt0080291,
tt0079596,romantic
tt0083109,
tt0211492,
tt0222619,flashback
tt3290688,romantic
tt0101615,
tt0111641,fantasy
tt0085380,romantic
tt0016641,romantic
tt0040802,murder
tt0070599,"murder, romantic"
tt0480461,
tt0026748,"romantic, fantasy"
tt0100148,murder
tt0388182,
tt0199753,
tt3770700,romantic
tt0023891,romantic
tt0046286,
tt0059592,romantic
tt0091282,murder
tt0034746,
tt0810823,
tt0896585,murder
tt0071524,
tt0057609,murder
tt0135465,
tt0255097,romantic
tt2326554,murder
tt0347473,romantic
tt0064226,
tt0107952,fantasy
tt0401085,"romantic, flashback"
tt0081250,
tt1028532,romantic
tt0058212,"murder, romantic"
tt0098436,"romantic, flashback"
tt1336006,murder
tt0423977,"romantic, comedy"
tt4841648,
tt1181541,
tt0228196,
tt2652118,"fantasy, flashback"
tt0287635,fantasy
tt0278488,
tt3520856,murder
tt0192194,romantic
tt0028356,romantic
tt0285242,romantic
tt0392023,comedy
tt0281322,
tt0406951,romantic
tt0052654,
tt0104545,romantic
tt5646136,
tt0070643,romantic
tt0396752,"romantic, fantasy"
tt0047522,romantic
tt1401657,
tt0247394,murder
tt0085390,
tt0361856,murder
tt0098320,murder
tt0051878,romantic
tt0109415,
tt2352802,
tt0080179,
tt0100211,murder
tt2141773,
tt0330702,romantic
tt0214585,"romantic, flashback"
tt0145547,"murder, comedy"
tt0050112,
tt2752758,
tt0481610,murder
tt0058083,
tt0449994,"romantic, fantasy"
tt0483168,fantasy
tt0071241,murder
tt0074749,
tt0063612,
tt0102035,
tt1828224,
tt0042792,murder
tt0114099,"murder, romantic"
tt0101095,"romantic, fantasy"
tt0870937,murder
tt0158811,
tt0248048,
tt0106188,murder
tt0056085,murder
tt0120756,
tt0023665,romantic
tt0220656,romantic
tt0087995,comedy
tt0041823,"romantic, fantasy"
tt0154749,"murder, romantic"
tt0444913,murder
tt0260414,
tt0416359,
tt2415464,fantasy
tt0019959,murder
tt0082934,"murder, romantic"
tt0090315,murder
tt1093842,flashback
tt0055884,murder
tt0118113,"romantic, comedy, flashback"
tt0112828,murder
tt0148375,romantic
tt0783518,murder
tt4856322,flashback
tt0068661,
tt0045550,
tt0045467,romantic
tt0792986,
tt0105265,romantic
tt1692535,murder
tt0414384,murder
tt0416675,romantic
tt0086230,romantic
tt0088074,
tt0101565,romantic
tt0040835,murder
tt0088967,murder
tt0044921,murder
tt0283043,
tt0104802,romantic
tt0417302,
tt0036264,fantasy
tt0047863,
tt1610528,
tt0305596,
tt0328998,romantic
tt0103409,fantasy
tt0081696,romantic
tt0052961,
tt3658772,murder
tt0090887,murder
tt2053423,murder
tt0074475,murder
tt0120254,fantasy
tt0024772,
tt0254179,romantic
tt0112625,murder
tt0239949,romantic
tt0075783,
tt0050797,romantic
tt0115641,"murder, comedy"
tt0189633,romantic
tt0367110,romantic
tt0022125,romantic
tt0927170,romantic
tt0267440,murder
tt0367413,fantasy
tt0495729,"murder, romantic"
tt0036069,
tt2250564,"murder, romantic"
tt0126559,"murder, comedy"
tt2827320,romantic
tt0040664,romantic
tt1777612,murder
tt1535612,murder
tt0388139,romantic
tt0091396,murder
tt0960890,
tt0364056,
tt0141716,"murder, romantic, comedy"
tt0062870,
tt0240515,romantic
tt0457350,romantic
tt0108486,
tt0077369,
tt0098063,"fantasy, flashback"
tt0115906,romantic
tt0052427,fantasy
tt1571234,
tt0215926,fantasy
tt0050155,murder
tt0050997,
tt2836260,murder
tt1626038,
tt0138414,romantic
tt1048171,romantic
tt0055153,
tt0494222,romantic
tt0117603,murder
tt0061101,
tt0065261,romantic
tt0839995,fantasy
tt0488775,murder
tt0308347,romantic
tt0094834,
tt0080468,romantic
tt0366450,fantasy
tt0267675,fantasy
tt0074225,fantasy
tt2012011,
tt0045190,
tt0023940,romantic
tt0112857,murder
tt1334272,fantasy
tt0373856,murder
tt0114925,romantic
tt1227177,
tt2301155,romantic
tt1137999,
tt1992258,murder
tt0091445,romantic
tt0786937,romantic
tt0171359,"murder, romantic"
tt0120490,romantic
tt0166910,flashback
tt0044649,murder
tt0145503,
tt1401636,"murder, romantic"
tt1594562,
tt0111978,"romantic, fantasy"
tt0118736,
tt0346336,romantic
tt0119734,romantic
tt0193163,fantasy
tt0052327,murder
tt0147582,murder
tt0245573,romantic
tt0851430,romantic
tt0278823,romantic
tt0043567,romantic
tt0074452,
tt4262516,romantic
tt0044103,romantic
tt0095922,murder
tt0037236,
tt3589290,murder
tt0120176,"murder, comedy"
tt0112769,murder
tt2717822,murder
tt0044876,
tt0056291,
tt0765488,murder
tt0029796,romantic
tt0044091,
tt3612616,
tt0030969,
tt0946998,
tt0283942,murder
tt0303732,murder
tt0290332,
tt0488352,murder
tt0189071,fantasy
tt0046001,
tt0083064,murder
tt0051745,romantic
tt0096827,fantasy
tt1999169,fantasy
tt0104647,murder
tt0057600,
tt0318236,
tt0013561,
tt0105187,murder
tt0050634,romantic
tt0211934,"murder, romantic"
tt0435665,
tt1297945,murder
tt0039986,murder
tt4363566,
tt0479201,murder
tt0067921,murder
tt0015624,murder
tt0078676,comedy
tt1305583,"romantic, comedy"
tt0410403,flashback
tt1179113,romantic
tt0118798,
tt0089114,
tt0114660,murder
tt0803061,murder
tt0072752,romantic
tt0045034,romantic
tt1014762,
tt0036230,romantic
tt0033717,
tt0468445,
tt0102945,murder
tt0117119,murder
tt0050471,murder
tt0859803,"romantic, fantasy"
tt0027221,romantic
tt0031067,romantic
tt0323974,
tt0224782,
tt0037774,
tt0041488,
tt0055796,
tt3479316,murder
tt0058921,romantic
tt0106598,
tt4054654,murder
tt0363409,romantic
tt0075194,murder
tt1588170,murder
tt0050379,romantic
tt0095675,murder
tt0100911,romantic
tt0039040,"romantic, flashback"
tt0074360,murder
tt0040733,
tt0116503,
tt0046908,
tt0073766,romantic
tt0094886,
tt3748466,
tt0995851,"murder, romantic"
tt0071695,murder
tt0323465,murder
tt1691237,romantic
tt0386504,
tt0116508,murder
tt4296026,"fantasy, flashback"
tt0029864,murder
tt0039372,murder
tt1323508,flashback
tt0046183,fantasy
tt0086981,
tt0293113,
tt4475970,murder
tt0050087,murder
tt0290940,romantic
tt0112681,murder
tt1697851,
tt0060345,fantasy
tt0092074,
tt1340765,murder
tt0106936,romantic
tt0130089,"murder, romantic"
tt1821657,murder
tt0094317,"murder, romantic"
tt0089360,murder
tt0036397,
tt0105813,murder
tt0027460,
tt0086508,
tt0104607,"murder, romantic"
tt0328655,fantasy
tt3517850,comedy
tt2626964,
tt0393807,romantic
tt0044196,murder
tt1460002,fantasy
tt0119349,romantic
tt0064470,
tt0282792,murder
tt0117250,
tt0074222,murder
tt0455906,romantic
tt0047086,
tt0089599,fantasy
tt0129332,murder
tt0390269,flashback
tt0095060,romantic
tt0871867,comedy
tt0035614,
tt1231593,murder
tt1322385,romantic
tt0095832,
tt1371150,romantic
tt0354226,
tt0047880,romantic
tt0081635,
tt0200309,romantic
tt0109765,
tt0041587,"romantic, flashback"
tt0072253,
tt0065011,romantic
tt0017850,
tt0041855,"romantic, flashback"
tt0119780,"murder, romantic"
tt0032850,
tt1018820,
tt1842127,fantasy
tt1386939,fantasy
tt0795349,flashback
tt1310569,"murder, romantic"
tt0030610,"comedy, flashback"
tt0034175,romantic
tt1067733,romantic
tt2345567,murder
tt0174200,"romantic, comedy"
tt0340012,romantic
tt1292644,murder
tt0235154,
tt0045470,"romantic, fantasy"
tt0052837,"murder, comedy"
tt1890725,
tt3289956,murder
tt0105585,murder
tt1869716,murder
tt0025601,romantic
tt0219952,"murder, comedy"
tt0039464,murder
tt0235166,romantic
